,pop_18,white_18,hh_18,hinc_18,mhval_18,mhval_18_se,mrent_18,mrent_18_se,total_25_18,total_25_col_bd_18,total_25_col_md_18,total_25_col_pd_18,total_25_col_phd_18,tot_units_built_18,units_40_49_built_18,units_39_early_built_18,ohu_18,rhu_18,mmhcosts_18,iinc_18,mov_wc_w_income_18,mov_wc_9000_18,mov_wc_15000_18,mov_wc_25000_18,mov_wc_35000_18,mov_wc_50000_18,mov_wc_65000_18,mov_wc_75000_18,mov_wc_76000_more_18,mov_oc_w_income_18,mov_oc_9000_18,mov_oc_15000_18,GEO_ID,state_x,county_x,tract_x,mov_oc_25000_18,mov_oc_35000_18,mov_oc_50000_18,mov_oc_65000_18,mov_oc_75000_18,mov_oc_76000_more_18,mov_os_w_income_18,mov_os_9000_18,mov_os_15000_18,mov_os_25000_18,mov_os_35000_18,mov_os_50000_18,mov_os_65000_18,mov_os_75000_18,mov_os_76000_more_18,mov_fa_w_income_18,mov_fa_9000_18,mov_fa_15000_18,mov_fa_25000_18,mov_fa_35000_18,mov_fa_50000_18,mov_fa_65000_18,mov_fa_75000_18,mov_fa_76000_more_18,FIPS,mhval_12,mhval_12_se,mrent_12,mrent_12_se,mov_wc_w_income_12,mov_wc_9000_12,mov_wc_15000_12,mov_wc_25000_12,mov_wc_35000_12,mov_wc_50000_12,mov_wc_65000_12,mov_wc_75000_12,mov_wc_76000_more_12,mov_oc_w_income_12,mov_oc_9000_12,mov_oc_15000_12,mov_oc_25000_12,mov_oc_35000_12,mov_oc_50000_12,mov_oc_65000_12,mov_oc_75000_12,mov_oc_76000_more_12,mov_os_w_income_12,mov_os_9000_12,mov_os_15000_12,mov_os_25000_12,mov_os_35000_12,mov_os_50000_12,mov_os_65000_12,mov_os_75000_12,mov_os_76000_more_12,mov_fa_w_income_12,mov_fa_9000_12,mov_fa_15000_12,mov_fa_25000_12,mov_fa_35000_12,mov_fa_50000_12,mov_fa_65000_12,mov_fa_75000_12,mov_fa_76000_more_12,iinc_12,trtid_base_x,state_y,county_y,tract_y,pop_00,white_00,hu_00,ohu_00,rhu_00,total_25_00,male_25_col_bd_00,male_25_col_md_00,male_25_col_psd_00,male_25_col_phd_00,female_25_col_bd_00,female_25_col_md_00,female_25_col_psd_00,female_25_col_phd_00,hh_00,hinc_00,mrent_00,mhval_00,trtid00,trtid_base_y,state,county,tract,pop_90,hh_90,white_90,total_25_col_9th_90,total_25_col_12th_90,total_25_col_hs_90,total_25_col_sc_90,total_25_col_ad_90,total_25_col_bd_90,total_25_col_gd_90,hinc_90,ohu_90,rhu_90,mrent_90,mhval_90,trtid90,inc80_18,inc120_18,inc80_00,inc120_00,inc80_90,low_80120_18,mod_80120_18,high_80120_18,low_pdmt_medhhinc_18,high_pdmt_medhhinc_18,mod_pdmt_medhhinc_18,mix_low_medhhinc_18,mix_mod_medhhinc_18,mix_high_medhhinc_18,inc_cat_medhhinc_18,inc_cat_medhhinc_encoded18,low_80120_00,mod_80120_00,high_80120_00,low_pdmt_medhhinc_00,high_pdmt_medhhinc_00,mod_pdmt_medhhinc_00,mix_low_medhhinc_00,mix_mod_medhhinc_00,mix_high_medhhinc_00,inc_cat_medhhinc_00,inc_cat_medhhinc_encoded00,per_all_li_90,per_all_li_00,per_all_li_18,all_li_count_90,all_li_count_00,all_li_count_18,real_mhval_90,real_mrent_90,real_hinc_90,real_mhval_00,real_mrent_00,real_hinc_00,real_mhval_12,real_mrent_12,real_mhval_18,real_mrent_18,real_hinc_18,per_nonwhite_90,per_nonwhite_00,per_nonwhite_18,hu_90,per_rent_90,per_rent_00,hu_18,per_rent_18,total_25_90,per_col_90,male_25_col_00,female_25_col_00,total_25_col_00,per_col_00,per_col_18,per_units_pre50_18,per_limove_18,mov_tot_w_income_18,per_limove_12,mov_tot_w_income_12,lmh_flag_encoded,lmh_flag_category,pctch_real_mhval_00_18,pctch_real_mrent_12_18,rent_decrease,rent_marginal,rent_increase,rent_rapid_increase,house_decrease,house_marginal,house_increase,house_rapid_increase,tot_decrease,tot_marginal,tot_increase,tot_rapid_increase,change_flag_encoded,change_flag_category,per_ch_zillow_12_18,ab_50pct_ch,ab_90percentile_ch,rent_50pct_ch,rent_90percentile_ch,hv_abrm_ch,rent_abrm_ch,pctch_real_mhval_90_00,pctch_real_mrent_90_00,pctch_real_hinc_90_00,pctch_real_mrent_00_18,pctch_real_hinc_00_18,ch_all_li_count_90_00,ch_all_li_count_00_18,ch_per_col_90_00,ch_per_col_00_18,ch_per_limove_12_18,pop00flag,aboverm_per_all_li_90,aboverm_per_all_li_00,aboverm_per_all_li_18,aboverm_per_nonwhite_18,aboverm_per_nonwhite_90,aboverm_per_nonwhite_00,aboverm_per_rent_90,aboverm_per_rent_00,aboverm_per_rent_18,aboverm_per_col_90,aboverm_per_col_00,aboverm_per_col_18,aboverm_real_mrent_90,aboverm_real_mrent_00,aboverm_real_mrent_12,aboverm_real_mrent_18,aboverm_real_mhval_90,aboverm_real_mhval_00,aboverm_real_mhval_18,aboverm_pctch_real_mhval_00_18,aboverm_pctch_real_mrent_00_18,aboverm_pctch_real_mrent_12_18,aboverm_pctch_real_mhval_90_00,aboverm_pctch_real_mrent_90_00,lostli_00,lostli_18,aboverm_pctch_real_hinc_90_00,aboverm_pctch_real_hinc_00_18,aboverm_ch_per_col_90_00,aboverm_ch_per_col_00_18,aboverm_per_units_pre50_18,GEOID,rail,presence_ph_LIHTC,vul_gent_90,vul_gent_00,vul_gent_18,hotmarket_00,hotmarket_18,gent_90_00,gent_90_00_urban,gent_00_18,gent_00_18_urban,dp_PChRent,dp_RentGap,tr_rent_gap,rm_rent_gap,dense,SAE,AdvG,ARE,BE,SMMI,ARG,EOG,OD,OD_loss,LISD,double_counted,typology,typ_cat
0,4047.0,240.0,18.0,2499.0,-666666666.0,-222222222.0,-666666666.0,-222222222.0,3351.0,17.0,18.0,0.0,0.0,100.0,4.0,4.0,10.0,8.0,-666666666.0,2499.0,0.0,0.0,0.0,0.0,0.0,0.0,0.0,0.0,0.0,114.0,95.0,13.0,1400000US06025010101,6,25,10101,6.0,0.0,0.0,0.0,0.0,0.0,0.0,0.0,0.0,0.0,0.0,0.0,0.0,0.0,0.0,5.0,0.0,0.0,5.0,0.0,0.0,0.0,0.0,0.0,6025010101,88600.0,180955.0,913.0,1225.0,22.0,19.0,0.0,0.0,0.0,3.0,0.0,0.0,0.0,338.0,299.0,13.0,20.0,0.0,6.0,0.0,0.0,0.0,43.0,43.0,0.0,0.0,0.0,0.0,0.0,0.0,0.0,7.0,7.0,0.0,0.0,0.0,0.0,0.0,0.0,0.0,2499.0,6025010100,6,25,10101,4885.000000000002,1276.5413102441064,920.3327769664096,594.1904861255999,326.1422908408096,3392.8990194032976,40.7677863551012,13.249530565407893,6.115167953265179,0.0,30.5758397663259,4.07677863551012,2.547986647193825,0.0,915.7464010014608,13320.364594199878,233.3955768829544,28741.28938034635,6025010100,6025010100,6,25,10101,2505.1804233199687,801.0869864644002,2505.1804233199687,1429.9300788925616,460.67597694899354,354.1701371455204,301.1720159036008,211.99248496767842,39.23899361180586,41.78698020997507,9115.167256290539,805.6733623411047,509.5973196338424,181.92624310928173,27365.376064337335,6025010100,1.0,1.0,0.4061169511161081,0.614465059810831,1.2631085381736598,1.0,0.0,1.1102230246251563e-16,1.0,0.0,0.0,0.0,0.0,0.0,1.0,low_pdmt,0.4061169511161081,0.2083481086947228,0.38553494018916895,0.0,0.0,0.0,1.0,0.0,0.0,2.0,mix_low,1.2631085381736598,0.4061169511161081,1.0,1011.8598124229907,371.9001363702623,17.999999999999996,56919.98221382166,378.406585667306,18959.54789308432,43974.17275192992,357.0952326309202,20380.157829125816,98346.0,1013.43,-666666666.0,-666666666.0,2499.0,0.0,0.7386814103901523,0.9406968124536694,1315.2706819749471,0.3874467260751647,0.35437430786268,18.0,0.4444444444444444,2838.966667680136,0.02854065697361335,54.01731692050909,34.652618401836015,88.66993532234511,0.02613397416641634,0.010444643390032824,0.08,0.9168067319327824,119.0,0.9185258886000582,410.0,4,aff_mix_low,-15161.414040324196,-657832.9824753557,1,0,0,0,1,0,0,0,1,0,0,0,1,ch_decrease_marginal,0.5023388581952116,1,0,0,0,0,0,-0.2274387474904756,-0.0563186631617524,0.07492847108235512,-1866916.615446037,-0.8773807337042006,-639.9596760527287,-353.9001363702623,-0.002406682807197011,-0.01568933077638351,-0.001719156667275734,1,1,1,1,1,1,0,1,0,1,0,0,0,0,0,1,0,0,0,0,0,0,0,0,0,1,1,1,0,0,0,1,6025010101,0,False,1,0,1,0.0,0.0,0,0,0,0,0,0,-837.0,18.953113221069398,0,0.0,0.0,0.0,0.0,0.0,0.0,0.0,1,1.0,0,1.0,2.0,['OD']
1,2995.0,331.0,731.0,37760.0,118300.0,17914.0,753.0,73.0,1606.0,110.0,18.0,0.0,5.0,920.0,37.0,23.0,333.0,398.0,758.0,17348.0,122.0,5.0,36.0,38.0,12.0,9.0,8.0,14.0,0.0,16.0,0.0,8.0,1400000US06025010200,6,25,10200,8.0,0.0,0.0,0.0,0.0,0.0,0.0,0.0,0.0,0.0,0.0,0.0,0.0,0.0,0.0,0.0,0.0,0.0,0.0,0.0,0.0,0.0,0.0,0.0,6025010200,125700.0,30375.0,631.0,44.0,88.0,27.0,13.0,9.0,14.0,15.0,3.0,0.0,7.0,12.0,5.0,3.0,4.0,0.0,0.0,0.0,0.0,0.0,0.0,0.0,0.0,0.0,0.0,0.0,0.0,0.0,0.0,0.0,0.0,0.0,0.0,0.0,0.0,0.0,0.0,0.0,15477.0,6025010200,6,25,10200,2607.0,516.0,782.0,421.0,361.0,1459.0,28.0,10.0,0.0,0.0,32.0,8.0,3.0,0.0,792.0,26218.0,427.0,84800.0,6025010200,12050022502,6,25,10200,1921.0067071274268,544.0042692225151,1921.0067071274268,1041.0072247296982,404.99983420269723,175.0020923118131,254.00243767692257,138.00184575942347,44.00030210471455,17.000482590288147,22095.05412158021,576.0042895801809,310.00400389870236,306.0019938333312,61500.22739927169,12050022502,0.467681775308831,0.6191051717727505,0.441579845319892,0.5955091444781446,0.921099409224956,0.467681775308831,0.15142339646391945,0.3808948282272495,0.0,0.0,0.0,0.0,1.0,0.0,4.0,mix_mod,0.441579845319892,0.1539292991582526,0.4044908555218554,0.0,0.0,0.0,0.0,1.0,0.0,4.0,mix_mod,0.921099409224956,0.441579845319892,0.467681775308831,501.08201099671265,349.7312374933545,341.8753777507555,127920.47299048511,636.4841471733289,45957.712572886834,129744.0,653.3100000000002,40113.54,139527.0,700.4100000000002,118300.0,753.0,37760.0,0.0,0.8020713463751439,0.889482470784641,886.0082934788832,0.3498883770957511,0.4616368286445013,731.0,0.5444596443228454,2074.014219375558,0.02941194140576758,38.0,40.0,78.0,0.05346127484578479,0.08281444582814446,0.06521739130434782,0.3884058304348159,138.0,0.42579217632029387,100.0,5,aff_mix_mod,-0.08820446417560734,0.07508459330963281,0,0,1,0,1,0,0,0,1,0,1,0,2,ch_increase,0.5023388581952116,1,0,0,0,0,1,0.01425516156159401,0.02643561964802418,-0.12716413079998812,0.1525921844147494,-0.05867195964255462,-151.35077350335808,-7.855859742599022,0.02404933344001721,0.029353170982359667,-0.03738634588547796,1,0,1,1,0,1,1,0,1,1,0,0,0,0,0,0,0,0,0,0,0,1,1,1,1,1,1,0,1,0,1,1,6025010200,0,True,0,1,1,1.0,1.0,0,0,1,1,1,0,-753.0,18.953113221069398,0,0.0,1.0,0.0,0.0,0.0,0.0,0.0,0,0.0,0,1.0,5.0,['AdvG']
2,1172.0,543.0,316.0,61250.0,210000.0,56460.0,988.0,557.0,691.0,96.0,36.0,8.0,0.0,352.0,12.0,21.0,252.0,64.0,781.0,25718.0,36.0,0.0,0.0,0.0,24.0,12.0,0.0,0.0,0.0,0.0,0.0,0.0,1400000US06025010300,6,25,10300,0.0,0.0,0.0,0.0,0.0,0.0,1.0,0.0,0.0,0.0,0.0,1.0,0.0,0.0,0.0,0.0,0.0,0.0,0.0,0.0,0.0,0.0,0.0,0.0,6025010300,187100.0,29463.0,725.0,568.0,33.0,3.0,0.0,17.0,0.0,13.0,0.0,0.0,0.0,8.0,3.0,5.0,0.0,0.0,0.0,0.0,0.0,0.0,10.0,3.0,4.0,3.0,0.0,0.0,0.0,0.0,0.0,0.0,0.0,0.0,0.0,0.0,0.0,0.0,0.0,0.0,29839.0,6025010300,6,25,10300,1026.0,528.0,340.0,190.0,150.0,679.0,17.0,3.0,8.0,0.0,31.0,2.0,10.0,0.0,341.0,34196.0,500.0,128100.0,6025010300,6025010300,6,25,10300,1156.91905482625,378.9734846837932,1156.91905482625,712.9501176241281,124.9912548429397,126.99111492042672,215.98488836859983,134.99055523037487,41.99706162722774,52.99629205340644,33356.666162445006,336.97642305656535,207.98544805865168,370.974044373845,111092.2273044048,6025010300,0.2999337011332251,0.3937005076245583,0.213541466640666,0.4927766321799154,1.3290537587193143,0.2999337011332251,0.09376680649133323,0.6062994923754417,0.0,1.0,0.0,0.0,0.0,0.0,6.0,high_pdmt,0.213541466640666,0.27923516553924943,0.5072233678200846,0.0,0.0,0.0,0.0,0.0,1.0,5.0,mix_high,1.3290537587193143,0.213541466640666,0.2999337011332251,503.67613427395185,72.81764012446709,94.77904955809912,231071.832793162,771.6260122975976,69381.86561788562,195993.0,765.0,52319.88,207681.00000000003,804.7500000000001,210000.0,988.0,61250.0,0.0,0.4853801169590644,0.5366894197952219,544.961871115217,0.38165137614678896,0.4411764705882353,316.0,0.20253164556962025,1410.9012846671035,0.06732813607370658,20.0,33.0,53.0,0.0780559646539028,0.20260492040520986,0.09375,0.0,37.0,0.293153135647383,51.0,5,aff_mix_mod,0.07146683810136076,0.2277104690897793,0,0,0,1,0,0,1,0,0,0,1,1,3,ch_rapid_increase,0.5023388581952116,1,0,0,0,0,1,-0.15180921174655634,-0.008587077407963465,-0.24591419481068685,0.29150326797385623,0.17068311318756854,-430.8584941494848,21.961409433632024,0.010727828580196221,0.12454895575130705,-0.293153135647383,1,1,0,0,0,1,0,1,1,0,1,0,1,0,1,0,1,1,1,1,0,1,1,0,1,1,0,0,1,0,1,1,6025010300,0,False,1,0,0,1.0,1.0,0,0,0,0,1,0,-200.049040391819,18.953113221069398,0,0.0,0.0,0.0,0.0,1.0,0.0,0.0,0,0.0,0,1.0,6.0,['SMMI']
3,7125.0,293.0,1745.0,25212.0,120700.0,9473.0,772.0,122.0,3800.0,297.0,62.0,2.0,0.0,2215.0,14.0,53.0,904.0,841.0,796.0,11937.0,320.0,49.0,89.0,102.0,14.0,0.0,66.0,0.0,0.0,108.0,92.0,0.0,1400000US06025010400,6,25,10400,0.0,16.0,0.0,0.0,0.0,0.0,17.0,17.0,0.0,0.0,0.0,0.0,0.0,0.0,0.0,20.0,0.0,0.0,20.0,0.0,0.0,0.0,0.0,0.0,6025010400,113000.0,13095.0,671.0,70.0,513.0,231.0,69.0,70.0,50.0,85.0,8.0,0.0,0.0,41.0,21.0,10.0,0.0,0.0,0.0,10.0,0.0,0.0,26.0,26.0,0.0,0.0,0.0,0.0,0.0,0.0,0.0,0.0,0.0,0.0,0.0,0.0,0.0,0.0,0.0,0.0,13643.0,6025010400,6,25,10400,6520.0,365.0,1727.0,805.0,922.0,3268.0,57.0,0.0,0.0,0.0,38.0,0.0,0.0,0.0,1735.0,21380.0,438.0,85000.0,6025010400,6025010400,6,25,10400,5737.000010140086,1512.0000026724438,5737.000010140086,2752.0000048641305,1126.000001990193,643.0000011364956,413.00000072997307,341.00000060271384,152.00000026865837,63.000000111351824,18097.00003198625,1538.0000027183985,626.0000011064483,340.0000006009464,62100.00010976107,6025010400,0.6048394973580777,0.6897152788270265,0.5190179375728863,0.7102672978751727,1.2462886066189691,0.6048394973580777,0.08487578146894881,0.31028472117297345,1.0,0.0,0.0,0.0,0.0,0.0,1.0,low_pdmt,0.5190179375728863,0.19124936030228645,0.2897327021248273,0.0,0.0,0.0,1.0,0.0,0.0,2.0,mix_low,1.2462886066189691,0.5190179375728863,0.6048394973580777,1884.3883765385174,900.4961216889578,1055.4449228898457,129168.00022830305,707.2000012499684,37641.7600665314,130050.0,670.14,32711.4,125430.0,744.8100000000002,120700.0,772.0,25212.0,0.0,0.9440184049079756,0.958877192982456,2164.0000038248468,0.28927911275415896,0.5338737695425594,1745.0,0.4819484240687679,5490.000009703516,0.039162112932604735,57.0,38.0,95.0,0.02906976744186046,0.095,0.030248306997742662,0.5574193810752951,465.0,0.5693704949278364,580.0,5,aff_mix_mod,-0.0718954248366013,0.036505954538741336,0,1,0,0,1,0,0,0,1,1,0,0,1,ch_decrease_marginal,0.5023388581952116,1,0,0,0,0,1,0.00682831483136711,-0.0524038478287122,-0.13098112462905673,0.15199808995135347,-0.2292595242025716,-983.8922548495599,154.9488012008879,-0.01009234549074427,0.06593023255813954,-0.011951113852541329,1,1,1,1,1,1,1,0,1,1,0,0,0,0,0,0,0,0,0,0,0,1,1,1,0,1,0,0,0,0,1,0,6025010400,0,True,1,1,1,1.0,1.0,0,0,0,0,1,1,34.9275052593928,18.953113221069398,0,0.0,0.0,0.0,0.0,0.0,0.0,0.0,0,0.0,1,1.0,1.0,['LISD']
4,7530.0,1041.0,1911.0,43651.0,193900.0,10902.0,751.0,145.0,4461.0,422.0,133.0,15.0,0.0,2154.0,154.0,0.0,923.0,988.0,1072.0,16446.0,548.0,230.0,200.0,17.0,13.0,37.0,17.0,0.0,34.0,74.0,0.0,35.0,1400000US06025010500,6,25,10500,0.0,0.0,0.0,39.0,0.0,0.0,41.0,13.0,0.0,10.0,0.0,0.0,0.0,18.0,0.0,43.0,43.0,0.0,0.0,0.0,0.0,0.0,0.0,0.0,6025010500,155200.0,9427.0,648.0,61.0,545.0,234.0,104.0,74.0,36.0,33.0,18.0,38.0,8.0,25.0,25.0,0.0,0.0,0.0,0.0,0.0,0.0,0.0,101.0,62.0,0.0,39.0,0.0,0.0,0.0,0.0,0.0,14.0,14.0,0.0,0.0,0.0,0.0,0.0,0.0,0.0,18404.0,6025010500,6,25,10500,5001.0,1498.0,1612.0,795.0,817.0,2741.0,91.0,24.0,29.0,6.0,124.0,7.0,10.0,0.0,1616.0,41852.0,490.0,109100.0,6025010500,6025010500,6,25,10500,4626.999982213907,1508.9999941994352,4626.999982213907,2560.999990155569,562.9999978358396,438.99999831249306,519.9999980011306,421.99999837784065,258.9999990044093,230.99999911204083,25236.999902989493,1492.9999942609388,664.9999974437537,376.9999985508198,82099.9996844093,6025010500,0.4359434349428615,0.5176557410989646,0.3272881639934249,0.4356119037788907,1.2177017816869629,0.4359434349428615,0.08171230615610309,0.4823442589010354,0.0,0.0,0.0,0.0,1.0,0.0,4.0,mix_mod,0.3272881639934249,0.10832373978546583,0.5643880962211093,0.0,1.0,0.0,0.0,0.0,0.0,6.0,high_pdmt,1.2177017816869629,0.3272881639934249,0.4359434349428615,1837.5119815022688,528.8976730133746,833.0879041758084,170767.99934357134,784.1599969857052,52492.95979821815,166923.0,749.7,64033.56,172272.00000000006,719.2800000000002,193900.0,751.0,43651.0,0.0,0.7004599080183963,0.8617529880478088,2157.9999917046925,0.3081556997219648,0.5068238213399504,1911.0,0.5170068027210885,4994.999980799324,0.09809809809809812,121.0,131.0,252.0,0.09193724917913172,0.12777404169468728,0.07149489322191271,0.7417847063739414,706.0,0.5894378315448044,685.0,5,aff_mix_mod,0.1616134385315385,0.0440996552107662,0,1,0,0,0,0,1,0,0,1,1,0,2,ch_increase,0.5023388581952116,1,0,0,0,0,1,-0.022515924285296064,-0.04394510956714024,0.21985043796622772,0.0017340269441109169,-0.3183105858865257,-1308.6143084888945,304.19023116243375,-0.0061608489189664,0.035836792515555584,0.152346874829137,1,1,0,1,0,1,0,0,1,1,1,0,1,0,0,0,0,1,1,1,0,0,1,1,0,1,0,1,0,0,1,1,6025010500,0,True,0,0,0,1.0,1.0,0,0,0,0,0,1,62.7036073732581,18.953113221069398,0,0.0,0.0,1.0,0.0,0.0,0.0,0.0,0,0.0,0,1.0,7.0,['ARE']
5,6920.0,1718.0,1980.0,73750.0,204100.0,28970.0,841.0,57.0,4405.0,601.0,165.0,36.0,0.0,2575.0,165.0,181.0,1299.0,681.0,947.0,23852.0,427.0,137.0,121.0,17.0,46.0,0.0,0.0,0.0,106.0,86.0,44.0,26.0,1400000US06025010600,6,25,10600,0.0,0.0,16.0,0.0,0.0,0.0,0.0,0.0,0.0,0.0,0.0,0.0,0.0,0.0,0.0,3.0,0.0,3.0,0.0,0.0,0.0,0.0,0.0,0.0,6025010600,198600.0,20364.0,896.0,98.0,316.0,74.0,19.0,57.0,63.0,28.0,22.0,0.0,53.0,40.0,0.0,0.0,0.0,0.0,11.0,11.0,0.0,18.0,14.0,14.0,0.0,0.0,0.0,0.0,0.0,0.0,0.0,0.0,0.0,0.0,0.0,0.0,0.0,0.0,0.0,0.0,31893.0,6025010600,6,25,10600,6128.0,2681.0,2015.0,1233.0,782.0,3720.0,281.0,77.0,29.0,31.0,245.0,112.0,27.0,6.0,2007.0,43776.0,605.0,119500.0,6025010600,12050020900,6,25,10600,4237.081031412498,1532.0265434052676,4237.081031412498,2717.049935402542,380.0087545606237,400.0088946181088,562.0151279860378,652.0094546567117,167.002941488629,444.00371161902154,33661.33642247223,1520.0236017442126,920.0145672688553,427.0259843155635,90607.78132841166,12050020900,0.23474692908981776,0.3847140210776575,0.28163591606269306,0.3868978992858565,0.9330384017820742,0.23474692908981776,0.14996709198783972,0.6152859789223425,0.0,1.0,0.0,0.0,0.0,0.0,6.0,high_pdmt,0.28163591606269306,0.10526198322316344,0.6131021007141435,0.0,1.0,0.0,0.0,0.0,0.0,6.0,high_pdmt,0.9330384017820742,0.28163591606269306,0.23474692908981776,1429.439597546566,565.2432835378248,464.7989195978392,188464.18516309626,888.2140473763723,70015.57975874224,182835.0,925.65,66977.28,220446.00000000003,994.56,204100.0,841.0,73750.0,0.0,0.5625,0.7517341040462427,2440.038169013068,0.3770492523241869,0.3880893300248139,1980.0,0.34393939393939393,5322.098820331675,0.11480558210859608,389.0,363.0,752.0,0.2021505376344086,0.18206583427922812,0.13436893203883496,0.6447674451550419,516.0,0.2717914079406349,370.0,5,aff_mix_mod,0.11630705280717588,-0.1543999356499357,1,0,0,0,0,0,1,0,1,0,1,0,2,ch_increase,0.5023388581952116,1,0,0,0,0,0,-0.02986872629526286,0.042147444902731535,-0.04339462401384853,-0.09144925187705934,0.10111966326491613,-864.1963140087413,-100.44436393998578,0.08734495552581252,-0.02008470335518045,0.3729760372144072,1,0,0,0,0,1,0,0,1,0,1,1,1,1,1,1,1,1,1,1,0,0,0,1,1,1,1,0,1,1,0,1,6025010600,0,True,0,0,0,1.0,0.0,0,0,0,0,1,0,-63.72865078899779,18.953113221069398,0,0.0,0.0,1.0,0.0,0.0,0.0,0.0,0,0.0,0,1.0,7.0,['ARE']
6,4403.0,202.0,1062.0,33225.0,137900.0,30603.0,823.0,61.0,2646.0,303.0,0.0,39.0,0.0,1519.0,56.0,32.0,593.0,469.0,759.0,20000.0,128.0,29.0,0.0,67.0,22.0,10.0,0.0,0.0,0.0,0.0,0.0,0.0,1400000US06025010700,6,25,10700,0.0,0.0,0.0,0.0,0.0,0.0,0.0,0.0,0.0,0.0,0.0,0.0,0.0,0.0,0.0,0.0,0.0,0.0,0.0,0.0,0.0,0.0,0.0,0.0,6025010700,107200.0,27523.0,614.0,97.0,485.0,199.0,53.0,103.0,74.0,49.0,0.0,0.0,7.0,17.0,0.0,10.0,0.0,0.0,7.0,0.0,0.0,0.0,0.0,0.0,0.0,0.0,0.0,0.0,0.0,0.0,0.0,0.0,0.0,0.0,0.0,0.0,0.0,0.0,0.0,0.0,12748.0,6025010700,6,25,10700,4419.0,241.0,1284.0,716.0,568.0,2488.0,9.0,6.0,8.0,0.0,51.0,0.0,6.0,0.0,1286.0,27308.0,431.0,79200.0,6025010700,6025010700,6,25,10700,4360.000000085628,1236.0000000242744,4360.000000085628,2251.0000000442083,1128.0000000221532,323.0000000063435,432.00000000848416,223.0000000043796,111.00000000217995,34.00000000066774,17351.000000340762,1249.0000000245295,658.0000000129228,277.00000000544014,61500.00000120782,6025010700,0.5058073298820798,0.6903992478380426,0.43406163848629176,0.6131484145982643,1.369893133818462,0.5058073298820798,0.1845919179559629,0.30960075216195737,0.0,0.0,0.0,1.0,0.0,0.0,2.0,mix_low,0.43406163848629176,0.17908677611197255,0.3868515854017357,0.0,0.0,0.0,0.0,1.0,0.0,4.0,mix_mod,1.369893133818462,0.43406163848629176,0.5058073298820798,1693.1879134328726,558.2032670933712,537.1673843347687,127920.00000251227,576.1600000113156,36090.08000070879,121176.0,659.4300000000002,41781.24,118992.0,681.5400000000002,137900.0,823.0,33225.0,0.0,0.9454627743833448,0.9541221894163072,1907.0000000374523,0.3450445726271631,0.4423676012461059,1062.0,0.4416195856873823,4502.0000000884165,0.03220790759662373,15.0,51.0,66.0,0.02652733118971061,0.1292517006802721,0.057932850559578676,0.2789063023438023,128.0,0.4793937637970432,502.0,5,aff_mix_mod,0.13801412821020664,0.2075593508818263,0,0,0,1,0,0,1,0,0,0,1,1,3,ch_rapid_increase,0.5023388581952116,1,0,0,0,0,1,-0.052720450300029885,0.14452582613692222,0.15769319433981407,0.2480475562227984,-0.2047866458726452,-1134.9846463395015,-21.035882758602494,-0.005680576406913121,0.1027243694905615,-0.20048746145324087,1,1,1,1,1,1,1,0,1,1,0,0,1,0,0,0,0,0,0,0,0,1,1,1,1,1,1,1,0,0,1,1,6025010700,0,True,1,1,1,1.0,1.0,0,0,0,0,1,0,-21.524024279719896,18.953113221069398,0,0.0,0.0,0.0,0.0,0.0,0.0,0.0,1,1.0,0,1.0,2.0,['OD']
7,1202.0,617.0,388.0,76875.0,291900.0,40734.0,813.0,244.0,855.0,114.0,34.0,22.0,0.0,492.0,9.0,57.0,293.0,95.0,1116.0,27406.0,49.0,10.0,0.0,20.0,14.0,0.0,0.0,0.0,5.0,4.0,4.0,0.0,1400000US06025010800,6,25,10800,0.0,0.0,0.0,0.0,0.0,0.0,0.0,0.0,0.0,0.0,0.0,0.0,0.0,0.0,0.0,0.0,0.0,0.0,0.0,0.0,0.0,0.0,0.0,0.0,6025010800,206000.0,83427.0,729.0,303.0,13.0,0.0,13.0,0.0,0.0,0.0,0.0,0.0,0.0,0.0,0.0,0.0,0.0,0.0,0.0,0.0,0.0,0.0,0.0,0.0,0.0,0.0,0.0,0.0,0.0,0.0,0.0,0.0,0.0,0.0,0.0,0.0,0.0,0.0,0.0,0.0,22656.0,6025010800,6,25,10800,1439.0,761.0,481.0,320.0,161.0,933.0,36.0,28.0,8.0,8.0,66.0,15.0,8.0,0.0,468.0,47656.0,512.0,153000.0,6025010800,6025010800,6,25,10800,1457.0000196432761,433.0000058377065,1457.0000196432761,883.0000119046073,170.00000229194026,98.00000132123613,184.00000248068824,197.00000265595423,30.00000040446004,132.00000177962417,39519.00053279522,453.00000610734656,335.00000451647037,485.0000065387706,138100.00186186438,6025010800,0.28236623483556245,0.3793935056821654,0.211347035251677,0.3799556251282444,1.0478030940279637,0.28236623483556245,0.09702727084660297,0.6206064943178347,0.0,1.0,0.0,0.0,0.0,0.0,6.0,high_pdmt,0.211347035251677,0.16860858987656738,0.6200443748717557,0.0,1.0,0.0,0.0,0.0,0.0,6.0,high_pdmt,1.0478030940279637,0.211347035251677,0.28236623483556245,453.69874583087534,98.91041249778485,109.55809911619824,287248.0038726779,1008.8000136006427,82199.52110821403,234090.0,783.36,72913.68000000001,228660.00000000003,809.19,291900.0,813.0,76875.0,0.0,0.4711605281445448,0.4866888519134776,788.0000106238168,0.4251269035532995,0.33471933471933474,388.0,0.24484536082474226,1694.0000228385102,0.09563164108618656,72.0,81.0,153.0,0.1639871382636656,0.19883040935672516,0.13414634146341464,0.301886830188717,53.0,0.6612011020018368,13.0,5,aff_mix_mod,0.24695629885941306,0.004708412115819455,0,1,0,0,0,0,0,1,0,1,0,1,3,ch_rapid_increase,0.5023388581952116,1,0,0,0,0,0,-0.1850596110538686,-0.2234734442518441,-0.11296709497844168,0.03783700980392155,0.054328899597441686,-354.7883333330905,10.647686618413402,0.06835549717747905,0.034843271093059534,-0.3593142718131198,1,0,0,0,0,1,0,1,0,0,1,1,1,1,1,1,0,1,1,1,0,0,0,0,0,1,0,0,1,1,1,1,6025010800,0,False,0,0,0,0.0,0.0,0,0,0,0,0,0,-216.0,18.953113221069398,0,0.0,0.0,0.0,0.0,1.0,0.0,0.0,0,0.0,0,1.0,6.0,['SMMI']
8,14064.0,2714.0,3686.0,80568.0,223900.0,13173.0,1035.0,175.0,7616.0,1101.0,434.0,65.0,14.0,4581.0,95.0,23.0,2751.0,935.0,1360.0,31654.0,776.0,57.0,17.0,97.0,255.0,118.0,47.0,19.0,166.0,150.0,0.0,6.0,1400000US06025011000,6,25,11000,55.0,0.0,0.0,71.0,18.0,0.0,39.0,39.0,0.0,0.0,0.0,0.0,0.0,0.0,0.0,19.0,0.0,0.0,0.0,0.0,0.0,0.0,0.0,19.0,6025011000,182100.0,11917.0,885.0,217.0,925.0,104.0,128.0,311.0,138.0,21.0,155.0,14.0,54.0,113.0,37.0,0.0,0.0,0.0,19.0,48.0,9.0,0.0,151.0,38.0,0.0,0.0,0.0,13.0,25.0,0.0,75.0,0.0,0.0,0.0,0.0,0.0,0.0,0.0,0.0,0.0,26396.0,6025011000,6,25,11000,7833.0,2725.0,2370.0,1622.0,748.0,4408.0,238.0,71.0,47.0,16.0,232.0,101.0,0.0,0.0,2397.0,47464.0,575.0,96600.0,6025011000,6025011000,6,25,11000,5640.000051876193,1751.000016105534,5640.000051876193,3311.000030454268,556.0000051140361,508.0000046725365,797.0000073307315,884.0000081309493,329.00000302611124,179.00000164642526,35025.00032215667,1753.00001612393,1175.0000108075399,418.00000384472486,69400.00063833469,6025011000,0.20189790515229436,0.2892738801583077,0.2259457984703287,0.3311833581643979,0.8910180486157552,0.20189790515229436,0.0873759750060134,0.7107261198416923,0.0,1.0,0.0,0.0,0.0,0.0,6.0,high_pdmt,0.2259457984703287,0.10523755969406924,0.6688166418356021,0.0,1.0,0.0,0.0,0.0,0.0,6.0,high_pdmt,0.8910180486157552,0.2259457984703287,0.20189790515229436,1560.1726174765088,541.5920789333778,744.1956783913569,144352.0013277362,869.4400079970277,72852.00067008588,147798.0,879.75,72619.92,202131.00000000003,982.35,223900.0,1035.0,80568.0,0.0,0.652112855866207,0.8070250284414107,2928.0000269314696,0.4012978142076503,0.3156118143459916,3686.0,0.25366250678242,6564.000060375059,0.07739183424741013,325.0,333.0,658.0,0.14927404718693285,0.21192226890756305,0.025758567998253656,0.13638212926830814,984.0,0.22172728431979405,1189.0,6,aff_mix_high,0.5149054790998525,0.05359596885020599,0,0,1,0,0,0,0,1,0,0,1,1,3,ch_rapid_increase,0.5616621253405994,1,0,0,0,1,1,0.023872191868265356,0.011858198274914718,-0.0031856458017792905,0.17647058823529413,0.10944765568455599,-1018.5805385431308,202.6035994579789,0.07188221293952272,0.06264822172063017,-0.0853451550514859,1,0,0,0,0,1,0,1,0,0,1,1,1,1,1,1,1,1,1,1,1,1,1,1,1,1,0,0,1,1,1,0,6025011000,0,True,0,0,0,1.0,1.0,0,0,0,0,1,0,-120.174399402414,18.953113221069398,0,1.0,0.0,0.0,0.0,0.0,0.0,0.0,0,0.0,0,1.0,9.0,['SAE']
9,3825.0,856.0,965.0,34875.0,158700.0,35904.0,871.0,90.0,2315.0,248.0,56.0,14.0,6.0,1361.0,74.0,96.0,572.0,393.0,861.0,24026.0,257.0,19.0,48.0,45.0,50.0,70.0,15.0,0.0,10.0,27.0,16.0,0.0,1400000US06025011100,6,25,11100,11.0,0.0,0.0,0.0,0.0,0.0,206.0,34.0,0.0,23.0,90.0,8.0,0.0,0.0,51.0,35.0,0.0,32.0,0.0,3.0,0.0,0.0,0.0,0.0,6025011100,104000.0,41078.0,688.0,47.0,137.0,16.0,19.0,40.0,21.0,21.0,16.0,0.0,4.0,92.0,19.0,21.0,0.0,0.0,10.0,31.0,0.0,11.0,46.0,5.0,0.0,15.0,0.0,8.0,0.0,0.0,18.0,9.0,4.0,0.0,0.0,0.0,0.0,5.0,0.0,0.0,23792.0,6025011100,6,25,11100,3651.0,1200.0,1056.0,656.0,400.0,2069.0,61.0,50.0,17.0,4.0,96.0,14.0,7.0,2.0,1054.0,36229.0,517.0,74200.0,6025011100,6025011100,6,25,11100,2926.9999909992944,896.9999972416698,2926.9999909992944,1679.9999948338964,320.9999990129052,250.99999922815957,459.9999985854717,376.99999884070183,126.99999960946717,65.99999979704593,24700.999924042906,808.9999975122753,528.9999983732924,423.9999986961738,63499.999804733576,6025011100,0.485393971824213,0.6680811613454101,0.27442738938228417,0.4557632636812572,1.063685772787074,0.485393971824213,0.182687189521197,0.33191883865458993,0.0,0.0,0.0,0.0,1.0,0.0,4.0,mix_mod,0.27442738938228417,0.18133587429897305,0.5442367363187428,0.0,0.0,0.0,0.0,0.0,1.0,5.0,mix_high,1.063685772787074,0.27442738938228417,0.485393971824213,954.1261352560088,289.2464684089275,468.4051828103656,132079.99959384586,881.9199972880417,51378.07984200924,113526.0,791.01,55430.37,115440.0,763.6800000000002,158700.0,871.0,34875.0,0.0,0.6713229252259655,0.7762091503267974,1337.9999958855674,0.3953662182361734,0.3787878787878788,965.0,0.4072538860103627,3281.999989907647,0.058805606337599035,115.0,112.0,227.0,0.1097148380860319,0.13995680345572353,0.12490815576781775,0.29885715790477696,525.0,0.2480564932396953,284.0,5,aff_mix_mod,0.39791765762908937,0.14053006494866951,0,0,1,0,0,0,0,1,0,0,1,1,3,ch_rapid_increase,0.4864765100671141,0,0,0,0,0,1,-0.14047546676938638,-0.10308190943350368,0.07887196583546534,0.10112387959697096,-0.3708322711899632,-664.8796668470812,179.1587144014381,0.050909231748432864,0.030241965369691638,0.05080066466508165,1,1,0,1,0,1,0,1,0,1,0,1,1,1,1,0,1,0,0,0,1,1,1,0,0,1,0,1,0,1,1,1,6025011100,0,False,1,0,0,0.0,1.0,0,0,0,0,1,0,-871.0,18.953113221069398,0,0.0,0.0,0.0,0.0,1.0,0.0,0.0,0,0.0,0,1.0,6.0,['SMMI']
10,6497.0,732.0,1694.0,84819.0,232000.0,15756.0,1241.0,292.0,3811.0,485.0,234.0,50.0,60.0,2189.0,3.0,27.0,1156.0,538.0,1545.0,27171.0,235.0,22.0,0.0,56.0,24.0,43.0,0.0,0.0,90.0,77.0,7.0,9.0,1400000US06025011201,6,25,11201,9.0,33.0,0.0,10.0,9.0,0.0,6.0,6.0,0.0,0.0,0.0,0.0,0.0,0.0,0.0,22.0,0.0,12.0,0.0,10.0,0.0,0.0,0.0,0.0,6025011201,192100.0,21704.0,686.0,79.0,331.0,13.0,117.0,22.0,44.0,49.0,7.0,32.0,47.0,83.0,34.0,27.0,0.0,0.0,12.0,0.0,0.0,10.0,17.0,17.0,0.0,0.0,0.0,0.0,0.0,0.0,0.0,10.0,10.0,0.0,0.0,0.0,0.0,0.0,0.0,0.0,30417.0,6025011201,6,25,11201,3378.0,1044.0,977.0,782.0,195.0,2001.0,87.0,51.0,38.0,6.0,135.0,69.0,16.0,0.0,975.0,57440.0,696.0,138400.0,6025011201,12050022701,6,25,11201,1475.325152378357,451.21349575763236,1475.325152378357,905.2112752532107,152.6067476284561,170.5035790381987,229.41483977065099,167.41123226249226,101.16521448139372,62.07214612311719,26743.2309878805,428.2163815151711,278.48626439007865,420.29796405072113,83247.68873217092,12050022701,0.13229999895655045,0.25711520752843064,0.16753069297779266,0.2333046457436069,0.5966672309122449,0.13229999895655045,0.1248152085718802,0.7428847924715694,0.0,1.0,0.0,0.0,0.0,0.0,6.0,high_pdmt,0.16753069297779266,0.06577395276581427,0.7666953542563931,0.0,1.0,0.0,0.0,0.0,0.0,6.0,high_pdmt,0.5966672309122449,0.16753069297779266,0.13229999895655045,269.2243070639405,163.34242565334782,224.11619823239647,173155.19256291553,874.2197652254997,55625.920454791434,211752.0,1064.88,87883.2,213231.00000000003,761.46,232000.0,1241.0,84819.0,0.0,0.6909413854351687,0.8873326150531015,706.7026459052498,0.3940642730060138,0.19959058341862845,1694.0,0.31759149940968123,1788.3850345575195,0.09127640717755107,144.0,204.0,348.0,0.17391304347826084,0.21752820781947,0.013704888076747372,0.1838235485294309,340.0,0.3837028541684002,441.0,3,aff_predominantly_HI,0.09562129283312554,0.6297638746618338,0,0,0,1,0,0,1,0,0,0,1,1,3,ch_rapid_increase,0.5616621253405994,1,0,1,0,1,1,0.22290297429608072,0.21809188302362464,0.5798965532880457,0.16538952745849286,-0.034866732208203584,-105.88188141059268,60.773772579048654,0.08263663630070978,0.0436151643412091,-0.19987930563896933,1,0,0,0,0,1,0,1,0,0,1,1,1,1,1,0,1,1,1,1,0,1,1,1,1,1,0,1,1,1,1,0,6025011201,0,True,0,0,0,1.0,1.0,0,0,0,0,1,0,-463.895897174508,18.953113221069398,0,1.0,0.0,0.0,0.0,0.0,0.0,0.0,0,0.0,0,1.0,9.0,['SAE']
11,5511.0,288.0,1518.0,23244.0,37500.0,24461.0,616.0,124.0,3012.0,294.0,27.0,55.0,0.0,1813.0,51.0,12.0,429.0,1089.0,653.0,11933.0,351.0,125.0,114.0,53.0,21.0,30.0,0.0,8.0,0.0,95.0,12.0,57.0,1400000US06025011202,6,25,11202,0.0,7.0,0.0,19.0,0.0,0.0,65.0,29.0,11.0,0.0,0.0,0.0,0.0,25.0,0.0,41.0,0.0,0.0,0.0,0.0,41.0,0.0,0.0,0.0,6025011202,55900.0,23021.0,671.0,41.0,445.0,216.0,39.0,48.0,57.0,36.0,49.0,0.0,0.0,105.0,62.0,0.0,0.0,13.0,24.0,0.0,6.0,0.0,193.0,22.0,0.0,0.0,0.0,148.0,23.0,0.0,0.0,36.0,0.0,32.0,0.0,4.0,0.0,0.0,0.0,0.0,14551.0,6025011202,6,25,11202,4731.0,674.0,1607.0,575.0,1032.0,2712.0,108.0,34.0,39.0,6.0,90.0,32.0,20.0,0.0,1607.0,26732.0,498.0,34300.0,6025011202,6025011202,6,25,11202,4272.999975376588,1466.9999915463266,4272.999975376588,2287.9999868152663,649.999996254337,525.9999969688944,315.99999817903154,428.9999975278624,142.99999917595414,112.99999934883091,19033.999890315463,1465.9999915520893,625.9999963926384,382.9999977929401,70399.99959431589,6025011202,0.6474321090934672,0.8111813177689331,0.40979620900785096,0.5968040501141224,1.271429496063267,0.6474321090934672,0.16374920867546594,0.1888186822310669,1.0,0.0,0.0,0.0,0.0,0.0,1.0,low_pdmt,0.40979620900785096,0.18700784110627144,0.4031959498858776,0.0,0.0,0.0,0.0,1.0,0.0,4.0,mix_mod,1.271429496063267,0.40979620900785096,0.6474321090934672,1865.1870599765632,658.5425078756165,982.8019416038832,146431.99915617704,796.6399954093155,39590.719771856166,52479.0,761.94,40899.96,62049.00000000001,744.8100000000002,37500.0,616.0,23244.0,0.0,0.8575354047770027,0.9477408818726184,2091.999987944728,0.2992351816443595,0.642190416925949,1518.0,0.7173913043478259,4464.999974270177,0.05733482642777156,148.0,122.0,270.0,0.0995575221238938,0.1248339973439575,0.03474903474903475,0.6400362414855169,552.0,0.44537262932237537,779.0,5,aff_mix_mod,-0.2854284570971245,-0.17294343523851727,1,0,0,0,1,0,0,0,1,0,0,0,1,ch_decrease_marginal,0.4864765100671141,0,0,0,0,0,0,-0.6416152186515699,-0.0435579378505676,0.033069371703480184,-0.191537391395648,-0.4316864857569543,-1206.6445521009468,324.2594337282667,0.04222269569612225,0.025276475220063696,0.1946636121631415,1,1,1,1,1,1,1,0,1,1,0,1,0,1,1,0,0,1,0,0,0,0,0,0,1,1,0,0,0,1,0,0,6025011202,0,True,0,1,1,1.0,0.0,0,0,0,0,1,1,390.723578190245,18.953113221069398,0,0.0,0.0,0.0,0.0,0.0,0.0,0.0,0,0.0,1,1.0,1.0,['LISD']
12,11979.0,778.0,2600.0,44211.0,170200.0,18624.0,759.0,60.0,6712.0,616.0,181.0,24.0,3.0,3054.0,70.0,78.0,1744.0,856.0,861.0,18418.0,477.0,255.0,29.0,66.0,22.0,86.0,14.0,5.0,0.0,236.0,74.0,75.0,1400000US06025011300,6,25,11300,13.0,6.0,28.0,30.0,0.0,10.0,46.0,9.0,13.0,10.0,7.0,7.0,0.0,0.0,0.0,105.0,42.0,0.0,9.0,54.0,0.0,0.0,0.0,0.0,6025011300,149200.0,11501.0,731.0,136.0,638.0,302.0,77.0,120.0,49.0,8.0,29.0,32.0,21.0,162.0,51.0,11.0,57.0,2.0,14.0,20.0,0.0,7.0,107.0,48.0,0.0,0.0,5.0,0.0,12.0,0.0,42.0,62.0,25.0,6.0,25.0,0.0,0.0,0.0,6.0,0.0,17764.0,6025011300,6,25,11300,6657.999999999994,688.9999999999992,1470.9999999999984,1021.999999999999,448.9999999999996,3682.999999999997,76.99999999999993,12.999999999999988,3.999999999999996,2.999999999999997,77.99999999999993,23.999999999999968,2.999999999999997,0.0,1448.9999999999984,31897.999999999967,510.9999999999995,88399.99999999993,6025011300,6025011300,6,25,11300,5358.999994631196,1218.9999987787696,5358.999994631196,2683.999997311089,1014.999998983143,500.99999949808335,414.9999995842407,326.9999996724017,214.99999978460662,143.99999985573655,22180.999977778418,1196.9999988008099,829.9999991684814,361.99999963733774,64899.99993498126,6025011300,0.3871662220247517,0.5573161703930933,0.3315755144053839,0.5277516413158999,1.1260501894674433,0.3871662220247517,0.17014994836834166,0.44268382960690666,0.0,0.0,0.0,0.0,1.0,0.0,4.0,mix_mod,0.3315755144053839,0.19617612691051603,0.4722483586841001,0.0,0.0,0.0,0.0,1.0,0.0,4.0,mix_mod,1.1260501894674433,0.3315755144053839,0.3871662220247517,1372.655179585647,480.4529203734008,1006.6321772643544,134991.99986476102,752.9599992456624,46136.47995377911,135251.99999999985,781.8299999999992,48803.93999999995,165612.00000000006,811.4100000000002,170200.0,759.0,44211.0,0.0,0.8965154701111445,0.9350530094331748,2026.9999979692914,0.4094721262950173,0.30523453433038744,2600.0,0.3292307692307692,5300.999994689301,0.06772307111865686,92.99999999999993,101.9999999999999,194.99999999999986,0.05294596796090145,0.12276519666269367,0.04846103470857891,0.586574085416678,864.0,0.5037697663448635,969.0,5,aff_mix_mod,0.2583917428208099,-0.06459126705364747,1,0,0,0,0,0,0,1,1,0,0,1,3,ch_rapid_increase,0.4199707602339181,0,0,0,0,0,0,0.0019260410653913651,0.038342011239985735,0.0578167222313705,-0.02920072138444325,-0.09411002472341283,-892.2022592122457,526.1792568909536,-0.014777103157755413,0.06981922870179225,0.08280431907181451,1,1,0,0,1,1,1,1,0,0,1,0,0,0,1,1,0,0,1,1,1,0,0,1,1,1,0,0,1,0,1,0,6025011300,0,True,1,0,0,1.0,1.0,0,0,0,0,0,1,143.785421810753,18.953113221069398,0,0.0,0.0,0.0,0.0,1.0,0.0,0.0,0,0.0,0,1.0,6.0,['SMMI']
13,4544.0,146.0,1065.0,31322.0,113700.0,10613.0,710.0,85.0,2617.0,96.0,2.0,0.0,0.0,1225.0,74.0,9.0,483.0,582.0,694.0,14354.0,299.0,102.0,52.0,44.0,0.0,63.0,0.0,0.0,38.0,44.0,30.0,0.0,1400000US06025011400,6,25,11400,0.0,14.0,0.0,0.0,0.0,0.0,0.0,0.0,0.0,0.0,0.0,0.0,0.0,0.0,0.0,0.0,0.0,0.0,0.0,0.0,0.0,0.0,0.0,0.0,6025011400,108600.0,15556.0,763.0,92.0,320.0,137.0,84.0,52.0,28.0,4.0,15.0,0.0,0.0,38.0,26.0,0.0,12.0,0.0,0.0,0.0,0.0,0.0,0.0,0.0,0.0,0.0,0.0,0.0,0.0,0.0,0.0,25.0,0.0,25.0,0.0,0.0,0.0,0.0,0.0,0.0,14794.0,12050023000,6,25,11400,4212.041915093917,83.00698184333876,1085.0128461110658,526.0050831664928,559.0077629445728,2229.023114588059,8.00065492334245,0.0006308894583220057,0.0003244574357084601,0.0,21.000612864045227,16.000396559088088,13.000084118594446,4.2059297221467055e-05,1095.0128280856522,20471.169793382884,439.00318448964674,83400.52814460367,12050023000,12050023000,6,25,11400,4072.0381680794453,1073.0122199208026,4072.0381680794453,2032.0208175109585,929.0049506527183,471.00393834477563,338.00416156531173,184.0032733618937,60.00149570012218,32.00153795038932,14049.1350166745,1065.0122019499513,541.00521767173,386.0026290777696,58100.42380181048,12050023000,0.5382836962857025,0.7512182920633624,0.5442760195567751,0.7182756431575426,1.5123916655878622,0.5382836962857025,0.21293459577765994,0.2487817079366376,0.0,0.0,0.0,1.0,0.0,0.0,2.0,mix_low,0.5442760195567751,0.17399962360076748,0.28172435684245745,0.0,0.0,0.0,1.0,0.0,0.0,2.0,mix_low,1.5123916655878622,0.5442760195567751,0.5382836962857025,1622.8147384821525,595.9892234340663,573.2721365442733,120848.88150776581,802.8854684817608,29222.200834682964,127602.80806124365,671.6748722691597,31320.88978387581,120546.0,846.9300000000002,113700.0,710.0,31322.0,0.0,0.980292935465366,0.9678697183098592,1606.0174196216813,0.3368613634335117,0.5152084281289245,1065.0,0.5464788732394367,4046.040175086169,0.022739031168555336,8.00128581280077,37.001051482430526,45.00233729523129,0.02018926452610972,0.03744745892243027,0.06775510204081632,0.5492711498542402,343.0,0.613762193520105,383.0,5,aff_mix_mod,-0.1089537783100424,-0.16167806076062965,1,0,0,0,1,0,0,0,1,0,0,0,1,ch_decrease_marginal,0.4864765100671141,0,0,0,0,0,0,0.05588737329806245,-0.16342380247673138,0.07181830557751766,0.05705904644216385,3.544650652800218e-05,-1026.825515048086,-22.717086889792995,-0.002549766642445616,0.017258194396320547,-0.06449104366586478,1,1,1,1,1,1,1,0,1,1,0,0,0,1,0,1,0,0,0,0,0,0,0,1,0,1,1,1,1,0,0,1,6025011400,0,True,1,1,1,1.0,0.0,0,0,0,0,0,1,196.37316782687802,18.953113221069398,0,0.0,0.0,0.0,0.0,0.0,0.0,0.0,1,1.0,0,1.0,2.0,['OD']
14,6148.0,375.0,1519.0,30028.0,115000.0,19072.0,723.0,31.0,3740.0,263.0,30.0,0.0,0.0,1900.0,146.0,77.0,485.0,1034.0,734.0,14191.0,477.0,95.0,69.0,157.0,15.0,106.0,8.0,0.0,27.0,158.0,88.0,7.0,1400000US06025011500,6,25,11500,63.0,0.0,0.0,0.0,0.0,0.0,26.0,16.0,0.0,0.0,0.0,10.0,0.0,0.0,0.0,128.0,109.0,10.0,0.0,1.0,0.0,0.0,0.0,8.0,6025011500,105700.0,32903.0,676.0,47.0,643.0,216.0,236.0,116.0,22.0,53.0,0.0,0.0,0.0,164.0,108.0,32.0,10.0,0.0,0.0,14.0,0.0,0.0,54.0,25.0,11.0,10.0,0.0,0.0,0.0,0.0,8.0,61.0,20.0,28.0,13.0,0.0,0.0,0.0,0.0,0.0,11377.0,6025011500,6,25,11500,6648.0,585.0,1800.0,709.0,1091.0,3592.0,48.0,0.0,7.0,41.0,46.0,0.0,7.0,0.0,1793.0,18700.0,478.0,77200.0,6025011500,6025011500,6,25,11500,5990.674886023737,1680.7865151446078,5990.674886023737,3062.7887448978736,840.3932575723039,697.4964254286185,574.5851642141197,569.5887714818231,228.83478713918856,99.92785464593388,16940.76919812517,1684.7836293304454,673.5137403135943,412.70203968770693,66052.31192096231,6025011500,0.5518075565446721,0.6781089407817519,0.5731873216682372,0.7186097335713122,1.3522862008336738,0.5518075565446721,0.12630138423707982,0.3218910592182481,1.0,0.0,0.0,0.0,0.0,0.0,1.0,low_pdmt,0.5731873216682372,0.14542241190307506,0.2813902664286878,1.0,0.0,0.0,0.0,0.0,0.0,1.0,low_pdmt,1.3522862008336738,0.5731873216682372,0.5518075565446721,2272.904410977372,1027.7248677511493,838.1956783913569,137388.8087956016,858.4202425504304,35236.79993210035,118116.0,731.34,28611.0,117327.0,750.36,115000.0,723.0,30028.0,0.0,0.9120036101083032,0.9390045543266102,2358.2973696440395,0.28559322033898304,0.6061111111111112,1519.0,0.6807109940750494,6073.615005379861,0.05412964791049688,89.0,46.0,135.0,0.03758351893095768,0.07834224598930481,0.11736842105263158,0.5272497110266439,789.0,0.6203782411220866,922.0,5,aff_mix_mod,-0.026380845948051068,-0.03646249800095956,0,1,0,0,0,1,0,0,0,1,0,0,1,ch_decrease_marginal,0.4864765100671141,0,0,0,0,0,0,-0.1402793208890432,-0.14803966198754298,-0.18803636950199665,-0.011403724669784277,0.04952640592779002,-1245.1795432262224,-189.52918935979244,-0.01654612897953919,0.040758727058347134,-0.09312853009544277,1,1,1,1,1,1,1,0,1,1,0,0,0,1,0,0,0,0,0,0,0,0,0,0,0,1,1,0,1,0,1,1,6025011500,0,True,1,1,1,0.0,0.0,0,0,0,0,0,1,165.29783136982599,18.953113221069398,0,0.0,0.0,0.0,0.0,0.0,0.0,0.0,1,1.0,0,1.0,2.0,['OD']
15,5837.0,419.0,1774.0,41767.0,164500.0,16718.0,791.0,71.0,3883.0,297.0,118.0,3.0,12.0,2069.0,198.0,274.0,569.0,1205.0,830.0,20743.0,523.0,189.0,42.0,63.0,70.0,116.0,43.0,0.0,0.0,119.0,16.0,3.0,1400000US06025011600,6,25,11600,0.0,32.0,0.0,68.0,0.0,0.0,78.0,3.0,49.0,0.0,0.0,15.0,0.0,0.0,11.0,34.0,0.0,0.0,0.0,0.0,34.0,0.0,0.0,0.0,6025011600,158000.0,18893.0,718.0,47.0,571.0,185.0,55.0,172.0,14.0,36.0,8.0,31.0,70.0,15.0,15.0,0.0,0.0,0.0,0.0,0.0,0.0,0.0,21.0,0.0,0.0,0.0,12.0,9.0,0.0,0.0,0.0,0.0,0.0,0.0,0.0,0.0,0.0,0.0,0.0,0.0,15986.0,12050023402,6,25,11600,6976.02025735131,1162.0354409755973,2138.017712838357,846.0117468317152,1292.0059660066424,3847.0254059670906,109.00793730065969,104.9993630238099,53.99962374338472,0.00019807094335273898,102.00585644522629,66.00347954178801,13.99964569335836,6.99982284667918,2135.0169172490587,28259.997591105213,530.0107516179412,87902.17263538527,12050023402,12050023402,6,25,11600,6357.006723418904,2035.0104274762195,6357.006723418904,3467.0194344645784,824.9946546394203,655.9951277096405,693.0001732797173,545.0139799755779,249.00827783238492,256.0046146697714,22487.89418480305,2032.0093545705747,869.0131107633496,438.0079325498663,70601.60861725817,12050023402,0.4191054605333563,0.5593839477717719,0.401286344941482,0.5772332870763095,1.293905381385826,0.4191054605333563,0.14027848723841566,0.4406160522282281,0.0,0.0,0.0,0.0,1.0,0.0,4.0,mix_mod,0.401286344941482,0.17594694213482753,0.4227667129236905,0.0,0.0,0.0,0.0,1.0,0.0,4.0,mix_mod,1.293905381385826,0.401286344941482,0.4191054605333563,2633.110943287751,856.7531351111052,743.493086986174,146851.34592389697,911.0564997037219,46774.81990439036,134490.32413213947,810.9164499754502,43237.796314390966,175380.00000000006,796.98,164500.0,791.0,41767.0,0.0,0.8334243023805661,0.928216549597396,2901.022465333924,0.2995540783112554,0.6043008709649185,1774.0,0.6792559188275085,6691.03626257109,0.07547603580138132,214.00749839541297,175.0091588336935,389.0166572291065,0.10112141620528574,0.1107391192377028,0.22812953117448045,0.4088859500000083,754.0,0.3894004293411879,607.0,2,aff_predominantly_MI,0.223136318999242,-0.0075033250520715935,0,1,0,0,0,0,1,0,0,1,1,0,2,ch_increase,0.4864765100671141,0,0,0,0,0,0,-0.08417370446276581,-0.10991639899483484,-0.07561811242093944,-0.024560421700722708,-0.034016449490082895,-1776.3578081766461,-113.26004812493113,0.02564538040390442,0.009617703032417074,0.01948552065882048,1,1,1,1,1,1,1,0,1,1,1,1,0,1,1,0,0,1,0,0,0,0,0,0,0,1,1,0,1,0,0,1,6025011600,0,True,0,1,1,0.0,0.0,0,0,0,0,0,1,119.95624664093,18.953113221069398,0,0.0,0.0,1.0,0.0,0.0,0.0,0.0,0,0.0,0,1.0,7.0,['ARE']
16,5358.0,536.0,1355.0,48292.0,171900.0,15095.0,988.0,202.0,3374.0,467.0,82.0,57.0,45.0,1488.0,57.0,0.0,871.0,484.0,1037.0,22861.0,176.0,21.0,37.0,26.0,8.0,84.0,0.0,0.0,0.0,74.0,27.0,0.0,1400000US06025011700,6,25,11700,27.0,0.0,20.0,0.0,0.0,0.0,52.0,3.0,10.0,25.0,0.0,0.0,0.0,0.0,14.0,57.0,26.0,31.0,0.0,0.0,0.0,0.0,0.0,0.0,6025011700,144700.0,12830.0,934.0,104.0,359.0,114.0,52.0,75.0,78.0,8.0,0.0,10.0,22.0,38.0,3.0,0.0,0.0,5.0,0.0,0.0,0.0,30.0,18.0,0.0,1.0,0.0,0.0,10.0,0.0,0.0,7.0,0.0,0.0,0.0,0.0,0.0,0.0,0.0,0.0,0.0,19590.0,6025011700,6,25,11700,5260.0,1126.0,1484.0,1017.0,467.0,3020.0,109.0,39.0,67.0,9.0,181.0,76.0,7.0,6.0,1467.0,53640.0,616.0,112000.0,6025011700,6025011700,6,25,11700,4364.999995696579,1263.999998753832,4364.999995696579,2332.999997699913,326.9999996776132,236.9999997663435,615.9999993926903,464.99999954156,249.9999997535269,241.99999976141405,34043.99996643628,1303.9999987143965,899.9999991126969,492.9999995139552,85799.99991541043,6025011700,0.3063819293690248,0.5162487391269679,0.1692815650382704,0.3168720428266637,0.9881165947138016,0.3063819293690248,0.20986680975794308,0.4837512608730321,0.0,0.0,0.0,0.0,1.0,0.0,4.0,mix_mod,0.1692815650382704,0.1475904777883933,0.6831279571733363,0.0,1.0,0.0,0.0,0.0,0.0,6.0,high_pdmt,0.9881165947138016,0.1692815650382704,0.3063819293690248,1248.979374486886,248.3360559111427,415.1475142950286,178463.99982405372,1025.439998989027,70811.51993018745,171360.0,942.48,82069.2,160617.0,1036.74,171900.0,988.0,48292.0,0.0,0.7859315589353613,0.8999626726390444,2203.999997827093,0.40834845735027225,0.3146900269541779,1355.0,0.35719557195571955,4469.999995593061,0.11006711409395974,157.0,263.0,420.0,0.1390728476821192,0.19294605809128632,0.038306451612903226,0.4534819158774591,359.0,0.3663702612195117,415.0,5,aff_mix_mod,0.0031512605042016808,-0.047012751509539534,0,1,0,0,0,1,0,0,0,1,0,0,1,ch_decrease_marginal,0.4864765100671141,0,0,0,0,0,0,-0.039806346552007536,-0.08090185585779397,0.15898091272311915,0.04829810712163651,-0.4115697484561809,-1000.6433185757433,166.8114583838859,0.029005733588159457,0.05387321040916712,0.0871116546579474,1,0,0,0,0,1,1,1,0,0,1,1,1,1,1,1,1,1,1,1,0,0,0,1,0,1,0,1,0,0,1,0,6025011700,0,False,0,0,0,1.0,0.0,0,0,0,0,0,0,-63.517581474285095,18.953113221069398,0,0.0,0.0,1.0,0.0,0.0,0.0,0.0,0,0.0,0,1.0,7.0,['ARE']
17,4190.0,828.0,1120.0,98561.0,269900.0,14367.0,1538.0,227.0,2664.0,682.0,369.0,79.0,14.0,1241.0,0.0,11.0,1000.0,120.0,1459.0,41659.0,128.0,57.0,6.0,0.0,0.0,39.0,0.0,0.0,26.0,50.0,30.0,9.0,1400000US06025011801,6,25,11801,0.0,0.0,0.0,0.0,0.0,11.0,0.0,0.0,0.0,0.0,0.0,0.0,0.0,0.0,0.0,0.0,0.0,0.0,0.0,0.0,0.0,0.0,0.0,0.0,6025011801,254500.0,43563.0,1147.0,218.0,103.0,31.0,0.0,25.0,0.0,0.0,22.0,0.0,25.0,37.0,0.0,0.0,0.0,0.0,0.0,37.0,0.0,0.0,0.0,0.0,0.0,0.0,0.0,0.0,0.0,0.0,0.0,9.0,0.0,0.0,0.0,0.0,9.0,0.0,0.0,0.0,56576.0,6025011801,6,25,11801,3266.0,1212.0,962.0,851.0,111.0,1982.0,187.0,90.0,85.0,33.0,190.0,95.0,17.0,7.0,973.0,81400.0,1035.0,149000.0,6025011801,6025011801,6,25,11801,2415.999994181445,712.9999982828522,2415.999994181445,1372.9999966933462,19.99999995183316,86.99999979047425,228.9999994484897,258.9999993762394,176.99999957372344,384.99999907278834,59716.999856181035,701.9999983093437,663.9999984008607,1000.9999975892496,116199.99972015065,6025011801,0.07416788762148953,0.1603589291089291,0.02055498458376156,0.07778995746490182,0.7658642537536321,0.07416788762148953,0.08619104148743957,0.8396410708910709,0.0,1.0,0.0,0.0,0.0,0.0,6.0,high_pdmt,0.02055498458376156,0.057234972881140274,0.9222100425350982,0.0,1.0,0.0,0.0,0.0,0.0,6.0,high_pdmt,0.7658642537536321,0.02055498458376156,0.07416788762148953,546.0612116112375,20.0,83.06803413606828,241695.9994179133,2082.079994985639,124211.35970085654,227970.0,1583.55,124542.0,282495.0,1273.17,269900.0,1538.0,98561.0,0.0,0.6289038579301898,0.8023866348448687,1365.9999967102044,0.48609077598828704,0.1153846153846154,1120.0,0.10714285714285714,2529.9999939068944,0.22213438735177865,310.0,292.0,602.0,0.3037336024217961,0.4294294294294294,0.008863819500402902,0.5730337078651685,178.0,0.2080536912751678,149.0,3,aff_predominantly_HI,0.1839277097863754,0.20800835709292545,0,0,0,1,0,0,1,0,0,0,1,1,3,ch_rapid_increase,0.4864765100671141,0,0,0,0,0,1,-0.05679034593443935,-0.23943844433752304,0.002661916751734617,-0.028764484859966508,-0.2086123556711792,-526.0612116112375,63.06803413606828,0.0815992150700175,0.12569582700763327,0.3649800165900007,1,0,0,0,0,1,0,1,0,0,1,1,1,1,1,1,1,1,1,1,0,0,1,1,0,1,0,0,0,1,1,0,6025011801,0,False,0,0,0,1.0,1.0,0,0,0,0,1,0,-640.354979006976,18.953113221069398,0,1.0,0.0,0.0,0.0,0.0,0.0,0.0,0,0.0,0,1.0,9.0,['SAE']
18,5456.0,864.0,1509.0,51920.0,183600.0,16905.0,884.0,61.0,3315.0,304.0,202.0,46.0,16.0,1733.0,0.0,24.0,710.0,799.0,947.0,21993.0,229.0,62.0,22.0,31.0,25.0,51.0,38.0,0.0,0.0,147.0,52.0,39.0,1400000US06025011802,6,25,11802,27.0,0.0,29.0,0.0,0.0,0.0,49.0,0.0,30.0,0.0,19.0,0.0,0.0,0.0,0.0,29.0,13.0,8.0,0.0,8.0,0.0,0.0,0.0,0.0,6025011802,146800.0,18774.0,777.0,49.0,391.0,224.0,34.0,46.0,10.0,20.0,0.0,49.0,8.0,230.0,43.0,33.0,0.0,0.0,0.0,154.0,0.0,0.0,134.0,49.0,26.0,17.0,0.0,0.0,0.0,16.0,26.0,20.0,11.0,0.0,0.0,0.0,0.0,9.0,0.0,0.0,19592.0,12050023402,6,25,11802,4967.937827554771,1636.9575771810626,1812.9694410505754,836.9831700017913,975.9862710487837,3098.9514794448482,269.99140777599774,51.00000608673173,25.00005179917955,4.9998019290566456,212.9935306907284,129.99612389912383,0.00027018804719326555,0.00013509402359663278,1790.9702546652875,43234.83261551189,609.9860638924116,110997.299220011,12050023402,12050023402,6,25,11802,4229.9551151985115,1562.9773562476005,4229.9551151985115,2704.959752828375,392.00039289881903,296.0009343382554,446.99566661214715,700.9827482470029,367.99022733922544,279.99384851218207,36933.97081712,1533.9784471716268,885.9816724818121,479.98943805018644,85697.9675542396,12050023402,0.3106893543144276,0.4868452496020422,0.2746785462238637,0.3874402533523005,1.0407851889913622,0.3106893543144276,0.17615589528761455,0.5131547503979579,0.0,0.0,0.0,0.0,0.0,1.0,5.0,mix_high,0.2746785462238637,0.11276170712843685,0.6125597466476995,0.0,1.0,0.0,0.0,0.0,0.0,6.0,high_pdmt,1.0407851889913622,0.2746785462238637,0.3106893543144276,1626.7236831113785,491.941105881644,468.83023566047126,178251.77251281837,998.3780311443879,76822.65929960963,169825.86780661682,933.2786777553897,66149.29390173318,162948.0,862.47,183600.0,884.0,51920.0,0.0,0.670495558921522,0.841642228739003,2419.960119653439,0.3661141624964849,0.5383357540120597,1509.0,0.5294897282968853,5188.923570776006,0.12487832341583345,325.9912157917861,342.9897896838758,668.981005475662,0.2158733397127936,0.171342383107089,0.01384881708020773,0.5105727000000128,454.0,0.5012796161111881,775.0,5,aff_mix_mod,0.0811073858846285,0.024963187125349257,0,1,0,0,0,0,1,0,0,1,1,0,2,ch_increase,0.4864765100671141,0,0,0,0,0,0,-0.0472696825811122,-0.06520511405321906,-0.1389351201219179,-0.05280167535157773,-0.2151087798891888,-1134.7825772297344,-23.11087022117277,0.09099501629696012,-0.04453095660570458,0.009293083888824659,1,0,0,0,0,1,0,0,1,1,1,1,1,1,1,1,1,1,1,1,0,0,0,1,0,1,1,0,0,1,0,0,6025011802,0,True,0,0,0,1.0,0.0,0,0,0,0,0,1,172.880610400377,18.953113221069398,0,0.0,0.0,1.0,0.0,0.0,0.0,0.0,0,0.0,0,1.0,7.0,['ARE']
19,6254.0,514.0,1582.0,100816.0,263600.0,17438.0,1487.0,203.0,3584.0,506.0,425.0,133.0,35.0,2106.0,9.0,0.0,1192.0,390.0,1624.0,32364.0,165.0,0.0,0.0,10.0,41.0,0.0,0.0,0.0,114.0,0.0,0.0,0.0,1400000US06025011803,6,25,11803,0.0,0.0,0.0,0.0,0.0,0.0,10.0,0.0,0.0,0.0,0.0,0.0,0.0,10.0,0.0,9.0,9.0,0.0,0.0,0.0,0.0,0.0,0.0,0.0,6025011803,214000.0,15384.0,1372.0,67.0,278.0,24.0,30.0,7.0,32.0,58.0,54.0,52.0,21.0,3.0,1.0,2.0,0.0,0.0,0.0,0.0,0.0,0.0,76.0,9.0,0.0,5.0,9.0,22.0,0.0,0.0,31.0,4.0,0.0,0.0,0.0,0.0,4.0,0.0,0.0,0.0,45846.0,6025011803,6,25,11803,1239.0,576.0,429.0,376.0,53.0,855.0,75.0,32.0,24.0,0.0,66.0,25.0,8.0,0.0,447.0,60781.0,575.0,164300.0,6025011803,6025011803,6,25,11803,653.0000082959671,181.0000022994947,653.0000082959671,388.0000049293035,22.00000027949659,37.00000047006245,193.00000245194732,62.000000787672214,30.000000381131716,21.0000002667922,44821.000569423486,208.0000026425132,155.00000196918052,482.0000061235162,130000.00165157074,6025011803,0.16797148259277556,0.21340963376361605,0.1328537516082866,0.2317816797613858,0.4210570093683115,0.16797148259277556,0.04543815117084049,0.786590366236384,0.0,1.0,0.0,0.0,0.0,0.0,6.0,high_pdmt,0.1328537516082866,0.0989279281530992,0.7682183202386141,0.0,1.0,0.0,0.0,0.0,0.0,6.0,high_pdmt,0.4210570093683115,0.1328537516082866,0.16797148259277556,76.21131966388273,59.38562696890411,265.7308854617709,270400.0034352672,1002.5600127369136,93227.68118440083,251379.0,879.75,92994.93,237540.00000000003,1522.92,263600.0,1487.0,100816.0,0.0,0.5351089588377724,0.9178125999360408,363.0000046116937,0.42699724517906334,0.12354312354312355,1582.0,0.2465233881163085,753.000009566406,0.06772908366533864,107.0,91.0,198.0,0.23157894736842105,0.306640625,0.004273504273504274,0.05434783152174456,184.0,0.15279344948492735,361.0,3,aff_predominantly_HI,0.048615835053842996,-0.023586268484227714,0,1,0,0,0,1,0,0,0,1,0,0,1,ch_decrease_marginal,0.4864765100671141,0,0,0,0,0,0,-0.07034394672195614,-0.12249642034061535,-0.0024965887968452986,0.6902529127593067,0.0841021118032993,-16.825692694978617,206.34525849286683,0.1638498637030824,0.07506167763157895,-0.0984456179631828,1,0,0,0,1,1,0,1,0,0,1,1,1,1,1,1,1,1,1,1,0,1,0,0,0,1,0,0,1,1,1,0,6025011803,0,False,0,0,0,0.0,0.0,0,0,0,0,0,0,-538.934314908098,18.953113221069398,0,1.0,0.0,0.0,0.0,0.0,0.0,0.0,0,0.0,0,1.0,9.0,['SAE']
20,11205.0,228.0,2429.0,50725.0,209100.0,20713.0,910.0,272.0,6636.0,684.0,144.0,0.0,0.0,3289.0,133.0,19.0,1662.0,767.0,1264.0,20290.0,376.0,77.0,19.0,51.0,0.0,129.0,83.0,0.0,17.0,40.0,0.0,0.0,1400000US06025011900,6,25,11900,0.0,0.0,40.0,0.0,0.0,0.0,15.0,0.0,0.0,0.0,0.0,0.0,15.0,0.0,0.0,33.0,7.0,0.0,0.0,0.0,0.0,0.0,0.0,26.0,6025011900,168200.0,10741.0,919.0,122.0,600.0,184.0,77.0,130.0,89.0,15.0,27.0,0.0,78.0,31.0,0.0,0.0,0.0,0.0,0.0,0.0,0.0,31.0,14.0,14.0,0.0,0.0,0.0,0.0,0.0,0.0,0.0,33.0,10.0,10.0,13.0,0.0,0.0,0.0,0.0,0.0,14632.0,12050024100,6,25,11900,3939.506367259648,193.0244826300164,1039.3337472123833,686.2397339131203,353.09401329926294,2375.778351773481,67.00940132992629,13.0,4.008030302645373,0.0,71.02056540921376,19.0,0.006071692244063325,0.0,1042.336097544865,32279.610310104425,399.09283813302216,105920.11492882148,12050024100,18075036500,6,25,11900,2872.0683420767546,660.2280818363208,2872.0683420767546,1585.492210796975,801.2190570671402,194.07357676869947,191.0773577194411,131.0596228773025,86.03605665862517,131.01297768464332,20004.5181097616,646.2296589414626,495.1610447302871,286.07398724435336,66513.84649893055,18075036500,0.3196363766132226,0.4949970367837803,0.35172716123143344,0.5203363717716765,0.8689924430805137,0.3196363766132226,0.17536066017055774,0.5050029632162196,0.0,0.0,0.0,0.0,0.0,1.0,5.0,mix_high,0.35172716123143344,0.16860921054024305,0.4796636282283235,0.0,0.0,0.0,0.0,1.0,0.0,4.0,mix_mod,0.8689924430805137,0.35172716123143344,0.3196363766132226,573.7332138253058,366.6179166385058,776.3967587935176,138348.80071777554,595.033893468255,41609.39766830413,162057.77584109685,610.6120423435239,49387.80377445977,186702.00000000003,1020.09,209100.0,910.0,50725.0,0.0,0.9510028758338356,0.9796519410977242,1141.3907036717496,0.4338225667489662,0.33973111548268603,2429.0,0.3157678056813504,3119.970859572827,0.06956764794046373,80.0094013299263,90.02056540921377,170.02996673914004,0.07156811013629084,0.1247739602169982,0.04621465491030709,0.2329741489224248,464.0,0.3916290499618876,678.0,6,aff_mix_high,0.2902805737938156,-0.10792185003284037,1,0,0,0,0,0,0,1,1,0,0,1,3,ch_rapid_increase,0.5910309278350515,1,0,0,0,1,0,0.17137102020628578,0.02618027148750977,0.18693868553835905,0.4903079810012061,0.027075434081799462,-207.1152971868,409.77884215501183,0.0020004621958270986,0.053205850080707336,-0.15865490103946284,1,0,1,0,1,1,1,1,0,0,1,0,0,0,0,1,1,0,1,1,1,1,0,1,1,1,0,1,1,0,1,0,6025011900,0,True,0,1,0,1.0,1.0,0,0,0,1,1,1,41.645696184993895,18.953113221069398,0,0.0,0.0,0.0,0.0,1.0,0.0,0.0,0,0.0,0,1.0,6.0,['SMMI']
21,3820.0,9.0,834.0,19461.0,171600.0,14937.0,837.0,42.0,2167.0,167.0,32.0,34.0,0.0,1216.0,77.0,20.0,142.0,692.0,841.0,11303.0,142.0,41.0,43.0,58.0,0.0,0.0,0.0,0.0,0.0,43.0,0.0,6.0,1400000US06025012001,6,25,12001,0.0,0.0,11.0,26.0,0.0,0.0,24.0,0.0,24.0,0.0,0.0,0.0,0.0,0.0,0.0,43.0,43.0,0.0,0.0,0.0,0.0,0.0,0.0,0.0,6025012001,117800.0,75751.0,705.0,151.0,258.0,167.0,6.0,28.0,29.0,28.0,0.0,0.0,0.0,43.0,0.0,23.0,20.0,0.0,0.0,0.0,0.0,0.0,14.0,7.0,0.0,7.0,0.0,0.0,0.0,0.0,0.0,21.0,0.0,0.0,0.0,0.0,21.0,0.0,0.0,0.0,12524.0,6025012000,6,25,12001,3852.9999999999986,115.26068376068373,980.9507478632477,555.7211538461537,425.22959401709386,2159.0795940170933,94.6784188034188,31.28504273504273,11.937713675213676,7.4096153846153845,100.44145299145298,33.754914529914515,17.28910256410256,0.0,984.6555555555552,12843.33333333333,234.2261752136752,54007.86324786324,6025012000,6025012000,6,25,12001,2208.372968532841,607.1482066329803,2208.372968532841,1199.066254862286,583.2739042704633,185.23165626090923,137.89467743867692,144.89231778631122,76.97404382397784,53.92299326706468,7180.402248478446,610.8528397581985,272.0847217521356,172.4712532740466,32765.42186304084,6025012000,0.6663237858849819,0.8849931415878659,0.3747853541286162,0.5367405272129653,0.8982768721487724,0.6663237858849819,0.21866935570288412,0.11500685841213397,1.0,0.0,0.0,0.0,0.0,0.0,1.0,low_pdmt,0.3747853541286162,0.1619551730843491,0.4632594727870347,0.0,0.0,0.0,1.0,0.0,0.0,2.0,mix_low,0.8982768721487724,0.3747853541286162,0.6663237858849819,545.3871919850102,369.0344810835981,555.7140374280749,68152.07747512494,358.74020681001696,14935.236676835168,82632.03076923075,358.366048076923,19650.3,130758.0,782.5500000000002,171600.0,837.0,19461.0,0.0,0.97008547008547,0.9976439790575916,882.937561510334,0.3081585081585081,0.4334872010071337,834.0,0.8297362110311751,2381.255847709689,0.05496974935177183,133.37307692307692,134.1963675213675,267.5694444444444,0.12392755004766445,0.10752191970466082,0.07976973684210527,0.6460317690476421,252.0,0.5749250951132538,336.0,2,aff_predominantly_MI,1.076676543013121,0.06958021851638864,0,0,1,0,0,0,0,1,0,0,1,1,3,ch_rapid_increase,0.5910309278350515,1,0,0,0,1,1,0.21246532505763893,-0.0010429796437401069,0.3157006095844452,1.3356007202455145,-0.009633440710828622,-176.35271090141197,186.67955634447682,0.06895780069589261,-0.016405630343003616,0.07110667393438819,1,0,1,1,1,1,1,0,1,1,0,1,0,0,0,0,1,0,0,1,1,1,1,1,1,1,0,1,1,1,0,1,6025012001,0,True,0,1,0,1.0,1.0,0,0,0,0,1,1,217.537804000632,18.953113221069398,0,0.0,0.0,0.0,0.0,0.0,0.0,0.0,0,0.0,1,1.0,1.0,['LISD']
22,11258.0,197.0,2341.0,59583.0,230700.0,16352.0,1267.0,108.0,6555.0,904.0,448.0,68.0,0.0,2676.0,12.0,16.0,1544.0,797.0,1342.0,20000.0,749.0,230.0,104.0,94.0,155.0,112.0,0.0,0.0,54.0,105.0,39.0,42.0,1400000US06025012002,6,25,12002,24.0,0.0,0.0,0.0,0.0,0.0,128.0,34.0,0.0,0.0,0.0,45.0,49.0,0.0,0.0,56.0,0.0,0.0,56.0,0.0,0.0,0.0,0.0,0.0,6025012002,165100.0,9345.0,819.0,303.0,415.0,104.0,45.0,49.0,110.0,44.0,52.0,0.0,11.0,39.0,25.0,14.0,0.0,0.0,0.0,0.0,0.0,0.0,0.0,0.0,0.0,0.0,0.0,0.0,0.0,0.0,0.0,0.0,0.0,0.0,0.0,0.0,0.0,0.0,0.0,0.0,18075.0,6025012000,6,25,12002,5507.000000000001,164.73931623931628,1402.0492521367526,794.2788461538463,607.7704059829061,3085.920405982907,135.32158119658123,44.714957264957285,17.062286324786328,10.590384615384616,143.55854700854704,48.24508547008548,24.71089743589744,0.0,1407.344444444445,18356.66666666667,334.7738247863248,77192.13675213676,6025012000,6025012000,6,25,12002,3156.3742208716085,867.7822881240672,3156.3742208716085,1713.7964781731582,833.6593235741042,264.7471387497155,197.08953662478817,207.09109519977744,110.01714432488177,77.07083372491715,10262.77575188897,873.0772308990615,388.88413047458204,246.5090025247351,46830.82720994967,6025012000,0.2639087422557588,0.4082533288001037,0.3747853541286162,0.5367405272129653,0.89827686737047,0.2639087422557588,0.1443445865443449,0.5917466711998963,0.0,1.0,0.0,0.0,0.0,0.0,6.0,high_pdmt,0.3747853541286162,0.1619551730843491,0.4632594727870347,0.0,0.0,0.0,1.0,0.0,0.0,2.0,mix_low,0.89827686737047,0.3747853541286162,0.2639087422557588,779.5087553356658,527.4520859920518,617.8103656207313,97408.12059669533,512.738725251449,21346.573563929054,118103.96923076926,512.203951923077,28085.700000000008,183261.00000000003,909.09,230700.0,1267.0,59583.0,0.0,0.97008547008547,0.9825013323858588,1261.9613613736435,0.3081585081585081,0.4334872010071337,2341.0,0.3404527979495942,3403.471550371343,0.05496974935177182,190.6269230769231,191.80363247863247,382.4305555555557,0.12392755004766445,0.21662852784134248,0.010463378176382659,0.4493256429672615,1038.0,0.3700679846213841,454.0,6,aff_mix_high,0.9533636464768068,0.3937013937013937,0,0,0,1,0,0,0,1,0,0,0,1,3,ch_rapid_increase,0.5910309278350515,1,0,0,0,1,1,0.21246533150723845,-0.0010429743298785226,0.31570061658319576,1.4736240227023445,1.1214710689069523,-252.056669343614,90.3582796286795,0.06895780069589262,0.09270097779367804,0.07925765834587739,1,0,1,0,1,1,1,0,1,0,0,1,1,0,0,1,1,0,0,1,1,1,1,1,1,1,0,1,1,1,1,0,6025012002,0,True,0,1,0,1.0,1.0,0,0,0,1,1,0,-410.625039914814,18.953113221069398,0,0.0,0.0,0.0,0.0,1.0,0.0,0.0,0,0.0,0,1.0,6.0,['SMMI']
23,6679.0,71.0,1673.0,22161.0,122100.0,40491.0,903.0,103.0,4327.0,575.0,194.0,24.0,0.0,2200.0,90.0,65.0,529.0,1144.0,836.0,11788.0,557.0,294.0,62.0,53.0,35.0,0.0,113.0,0.0,0.0,115.0,80.0,0.0,1400000US06025012100,6,25,12100,35.0,0.0,0.0,0.0,0.0,0.0,36.0,33.0,0.0,3.0,0.0,0.0,0.0,0.0,0.0,0.0,0.0,0.0,0.0,0.0,0.0,0.0,0.0,0.0,6025012100,158200.0,9531.0,702.0,62.0,571.0,274.0,127.0,60.0,69.0,41.0,0.0,0.0,0.0,0.0,0.0,0.0,0.0,0.0,0.0,0.0,0.0,0.0,36.0,36.0,0.0,0.0,0.0,0.0,0.0,0.0,0.0,0.0,0.0,0.0,0.0,0.0,0.0,0.0,0.0,0.0,10960.0,6025012100,6,25,12100,7020.0,190.0,1939.0,642.0,1297.0,3938.0,72.0,19.0,34.0,9.0,83.0,57.0,11.0,0.0,1938.0,21620.0,502.0,93500.0,6025012100,12050024100,6,25,12100,6561.252891996267,1825.0695277228367,6561.252891996267,3507.1373108997477,1780.0667938781771,526.0212117017968,511.0157914994381,292.01659169851195,207.00881458564243,95.00617468665784,16250.822240218156,1792.0699517506548,763.0311575874258,398.01975001640574,82203.75206298045,12050024100,0.6212196237901143,0.7411835026897788,0.5241684970806529,0.7052846915445862,1.3879173674753682,0.6212196237901143,0.11996387889966452,0.2588164973102212,1.0,0.0,0.0,0.0,0.0,0.0,1.0,low_pdmt,0.5241684970806529,0.18111619446393326,0.2947153084554138,0.0,0.0,0.0,1.0,0.0,0.0,2.0,mix_low,1.3879173674753682,0.5241684970806529,0.6212196237901143,2533.045694376593,1015.8385473423054,1039.3004306008613,170983.80429099937,827.881080034124,33801.710259653766,143055.0,768.0600000000002,33078.6,175602.00000000006,779.22,122100.0,903.0,22161.0,0.0,0.9729344729344728,0.9893696661176824,2555.101109338081,0.29863051399366936,0.6689014956162971,1673.0,0.6838015540944411,6918.272688949972,0.043654681284056016,100.0,140.0,240.0,0.060944641950228536,0.1832678530159464,0.07045454545454545,0.6752824987288264,708.0,0.6490486654929708,607.0,5,aff_mix_mod,-0.14648212226066898,0.1588511588511588,0,0,0,1,1,0,0,0,1,0,0,1,3,ch_rapid_increase,0.5910309278350515,1,0,0,0,1,1,-0.1633418112715926,-0.07225805913049517,-0.021392712205952576,0.17568939926568228,-0.3300502439643757,-1517.207147034288,23.46188325855587,0.01728996066617252,0.12232321106571785,0.0262338332358556,1,1,1,1,1,1,1,0,1,1,0,0,1,1,1,0,1,1,1,0,0,1,1,0,0,1,0,0,0,0,1,1,6025012100,0,True,0,0,1,0.0,1.0,0,0,0,0,1,0,6.3259978547687306,18.953113221069398,0,0.0,0.0,0.0,0.0,0.0,0.0,0.0,0,0.0,1,1.0,1.0,['LISD']
24,7133.0,91.0,1603.0,34902.0,164900.0,7158.0,762.0,183.0,4715.0,332.0,86.0,41.0,0.0,1973.0,0.0,22.0,960.0,643.0,986.0,15688.0,191.0,60.0,21.0,70.0,24.0,0.0,0.0,0.0,16.0,30.0,22.0,0.0,1400000US06025012200,6,25,12200,0.0,0.0,8.0,0.0,0.0,0.0,0.0,0.0,0.0,0.0,0.0,0.0,0.0,0.0,0.0,14.0,14.0,0.0,0.0,0.0,0.0,0.0,0.0,0.0,6025012200,148100.0,15749.0,775.0,48.0,205.0,64.0,22.0,26.0,73.0,20.0,0.0,0.0,0.0,55.0,23.0,0.0,7.0,14.0,0.0,0.0,0.0,11.0,25.0,13.0,0.0,0.0,0.0,12.0,0.0,0.0,0.0,18.0,18.0,0.0,0.0,0.0,0.0,0.0,0.0,0.0,16335.0,6025012200,6,25,12200,7689.493632740351,124.97551736998362,1703.666252787617,1223.7602660868795,479.9059867007372,3973.22164822652,47.99059867007371,0.0,40.991969697354634,0.0,104.97943459078623,0.0,30.993928307755933,0.0,1715.6639024551353,33743.38968989558,473.90716186697784,102679.88507117855,6025012200,6025012200,6,25,12200,5449.93236856584,1162.7722151242106,5449.93236856584,2509.5083920565507,1117.7810288124397,374.92655259809027,393.9228312630602,303.9404586395185,183.96396180812957,65.98707325726389,23029.488566785098,1170.7706482463032,820.8391991547524,376.92616087861336,70586.17230246712,6025012200,0.48552740524071203,0.6453860514995887,0.31499960548048594,0.4965623194095255,0.8758694693613756,0.48552740524071203,0.15985864625887675,0.3546139485004113,0.0,0.0,0.0,0.0,1.0,0.0,4.0,mix_mod,0.31499960548048594,0.18156271392903955,0.5034376805904746,0.0,0.0,0.0,0.0,1.0,0.0,4.0,mix_mod,0.8758694693613756,0.31499960548048594,0.48552740524071203,1018.4366830489937,540.4334524104785,778.3004306008612,146819.2383891316,784.0064146275158,47901.336218913006,157100.22415890318,725.0779576564763,51627.38622554024,164391.0,860.2500000000001,164900.0,762.0,34902.0,0.0,0.9837472370302952,0.987242394504416,1991.6098474010555,0.4121485943775101,0.28169014084507044,1603.0,0.40112289457267625,4950.030298435053,0.05049484952534842,47.99059867007371,104.97943459078623,152.97003326085996,0.03850025163563161,0.09734888653234358,0.011150532184490624,0.527659604255349,235.0,0.4374469446998033,303.0,5,aff_mix_mod,0.04964840682345261,-0.11421098517872726,1,0,0,0,0,1,0,0,1,1,0,0,1,ch_decrease_marginal,0.5910309278350515,1,0,0,0,1,0,0.07002478614228133,-0.07516323319757127,0.07778593042997542,0.05092147948181944,-0.3239634513448626,-478.003230638515,237.86697819038284,-0.01199459788971681,0.05884863489671197,0.09021265955554564,1,0,0,1,1,1,1,1,0,1,0,0,0,0,0,1,0,1,1,0,0,0,0,1,0,1,0,1,0,0,1,0,6025012200,0,True,1,0,1,1.0,0.0,0,0,0,0,1,1,170.249176338702,18.953113221069398,0,0.0,0.0,1.0,0.0,0.0,0.0,0.0,0,0.0,0,1.0,7.0,['ARE']
25,4944.0,586.0,329.0,50208.0,134300.0,21082.0,1096.0,67.0,3880.0,76.0,44.0,4.0,0.0,976.0,0.0,7.0,239.0,90.0,910.0,2499.0,22.0,5.0,0.0,0.0,12.0,0.0,0.0,0.0,5.0,169.0,94.0,35.0,1400000US06025012301,6,25,12301,22.0,0.0,0.0,0.0,0.0,18.0,0.0,0.0,0.0,0.0,0.0,0.0,0.0,0.0,0.0,0.0,0.0,0.0,0.0,0.0,0.0,0.0,0.0,0.0,6025012301,99800.0,79617.0,892.0,396.0,32.0,12.0,0.0,0.0,0.0,0.0,20.0,0.0,0.0,372.0,275.0,13.0,44.0,14.0,0.0,0.0,0.0,26.0,25.0,25.0,0.0,0.0,0.0,0.0,0.0,0.0,0.0,0.0,0.0,0.0,0.0,0.0,0.0,0.0,0.0,0.0,2499.0,6025012301,6,25,12301,5202.0,1329.0,347.0,273.0,74.0,4096.0,86.0,7.0,0.0,0.0,28.0,0.0,5.0,0.0,368.0,25982.0,410.0,60700.0,6025012301,6025012301,6,25,12301,694.0000207116977,337.00001005740944,694.0000207116977,536.0000159963545,43.000001283289635,121.00000361111735,210.00000626722843,101.00000301423843,13.000000387971284,40.0000011937578,14592.000435482843,329.0000098186579,247.0000073714544,290.000008654744,42800.00127732085,6025012301,0.3112015585733299,0.4988827967551372,0.4454087296135457,0.6122304803623446,1.3956817870058216,0.3112015585733299,0.18768123818180726,0.5011172032448628,0.0,0.0,0.0,0.0,0.0,1.0,5.0,mix_high,0.4454087296135457,0.1668217507487989,0.3877695196376554,0.0,0.0,0.0,0.0,1.0,0.0,4.0,mix_mod,1.3956817870058216,0.4454087296135457,0.3112015585733299,470.344776257905,163.91041249778482,102.38531277062552,89024.00265682736,603.2000180018675,30351.360905804315,92871.0,627.3,39752.46,110778.0,990.12,134300.0,1096.0,50208.0,0.0,0.7445213379469435,0.8814724919093851,576.0000171901122,0.4288194444444445,0.2132564841498559,329.0,0.2735562310030395,1064.0000317539573,0.04981203007518797,93.0,28.0,121.0,0.029541015625,0.031958762886597936,0.007172131147540985,0.7130890167539383,191.0,0.7473091243030859,429.0,5,aff_mix_mod,0.44609189090243456,0.10693653294550144,0,0,1,0,0,0,0,1,0,0,1,1,3,ch_rapid_increase,0.5616621253405994,1,0,0,0,1,1,0.04321303500587556,0.0399535498655403,0.3097422591155655,0.7471704128805995,0.26301617560271745,-306.4343637601202,-61.525099727159294,-0.02027101445018797,0.002417747261597936,-0.034220107549147616,1,1,1,0,0,1,0,1,0,0,0,0,0,0,0,1,1,0,0,0,1,1,1,1,1,1,1,1,1,0,0,0,6025012301,0,False,1,0,0,1.0,1.0,0,0,0,0,1,0,-1096.0,18.953113221069398,0,0.0,0.0,0.0,1.0,0.0,0.0,0.0,0,0.0,0,1.0,8.0,['BE']
26,919.0,808.0,444.0,28676.0,40800.0,9420.0,-666666666.0,-222222222.0,835.0,36.0,61.0,0.0,0.0,1431.0,0.0,28.0,330.0,114.0,334.0,20492.0,28.0,0.0,21.0,0.0,7.0,0.0,0.0,0.0,0.0,0.0,0.0,0.0,1400000US06025012400,6,25,12400,0.0,0.0,0.0,0.0,0.0,0.0,0.0,0.0,0.0,0.0,0.0,0.0,0.0,0.0,0.0,15.0,0.0,8.0,0.0,0.0,0.0,0.0,0.0,7.0,6025012400,43700.0,10349.0,493.0,64.0,20.0,6.0,0.0,6.0,0.0,8.0,0.0,0.0,0.0,0.0,0.0,0.0,0.0,0.0,0.0,0.0,0.0,0.0,0.0,0.0,0.0,0.0,0.0,0.0,0.0,0.0,0.0,0.0,0.0,0.0,0.0,0.0,0.0,0.0,0.0,0.0,14504.0,6025012400,6,25,12400,1647.0,1230.0,868.0,703.0,165.0,1391.0,31.0,46.0,4.0,8.0,58.0,0.0,7.0,0.0,863.0,20982.0,342.0,27600.0,6025012400,6025012400,6,25,12400,1478.999337755268,635.9997152213323,1478.999337755268,1283.9994250694822,164.99992611874183,279.99987462574376,411.9998155207373,175.9999211933247,37.99998298492237,108.9999511935931,14166.9936565104,658.9997049227328,523.9997653710348,318.99985716290087,39599.982268498046,6025012400,0.5946393469363516,0.7503525228750455,0.5292329694348227,0.7310573004867074,1.122468283711164,0.5946393469363516,0.15571317593869394,0.2496474771249545,1.0,0.0,0.0,0.0,0.0,0.0,1.0,low_pdmt,0.5292329694348227,0.2018243310518847,0.26894269951329264,0.0,0.0,0.0,1.0,0.0,0.0,2.0,mix_low,1.122468283711164,0.5292329694348227,0.5946393469363516,713.8895087852777,456.728052622252,264.0198700397401,82367.96311847593,663.519702898834,29467.346805541634,42228.0,523.26,32102.46,48507.00000000001,547.23,40800.0,-666666666.0,28676.0,0.0,0.25318761384335153,0.1207834602829162,1182.9994702937674,0.4429416737109045,0.19009216589861752,444.0,0.25675675675675674,2463.998896706545,0.05965909090909091,85.0,58.0,143.0,0.10280373831775699,0.11616766467065867,0.019566736547868627,0.6744186046511628,43.0,0.3,20.0,1,aff_predominantly_LI,-0.033816425120772944,-1218257.7951318459,1,0,0,0,0,1,0,0,1,1,0,0,1,ch_decrease_marginal,0.4939603960396038,0,0,0,0,0,0,-0.4873249452671259,-0.2113873970675732,0.08942485429203301,-1274064.8802889576,-0.10673512247971026,-257.16145616302583,-192.70818258251185,0.043144647408666095,0.013363926352901678,0.3744186046511628,1,1,1,1,0,1,0,1,0,0,1,1,0,0,0,0,0,0,0,0,0,0,0,0,0,1,1,1,0,1,0,0,6025012400,0,False,1,0,0,0.0,0.0,0,0,0,0,1,0,-837.0,18.953113221069398,0,0.0,0.0,0.0,0.0,0.0,0.0,0.0,1,1.0,0,1.0,2.0,['OD']
