,pop_00,white_00,hu_00,ohu_00,rhu_00,state,county,tract,FIPS,total_25_00,male_25_col_bd_00,male_25_col_md_00,male_25_col_psd_00,male_25_col_phd_00,female_25_col_bd_00,female_25_col_md_00,female_25_col_psd_00,female_25_col_phd_00,mhval_00,mrent_00,hh_00,hinc_00,I_10000_00,I_15000_00,I_20000_00,I_25000_00,I_30000_00,I_35000_00,I_40000_00,I_45000_00,I_50000_00,I_60000_00,I_75000_00,I_100000_00,I_125000_00,I_150000_00,I_200000_00,I_201000_00
0,8378,1535,2714,457,2257,08,001,007800,08001007800,4407,86,17,9,10,62,22,14,0,104700,527,2706,25351,514,327,218,263,307,225,199,145,177,170,87,69,0,0,0,5
1,6617,1312,1944,732,1212,08,001,007900,08001007900,3517,75,46,7,8,61,13,0,0,109900,587,1948,28734,236,184,163,179,289,112,125,101,121,104,140,76,74,6,24,14
2,6183,1817,1877,1303,574,08,001,008000,08001008000,3483,91,6,15,0,61,4,20,7,114600,615,1931,38395,166,37,116,164,212,136,182,131,141,195,183,160,65,32,5,6
3,1050,522,370,107,263,08,001,008100,08001008100,499,39,14,10,6,20,0,0,4,9999,721,317,33967,10,28,39,22,22,47,15,23,20,46,38,7,0,0,0,0
4,5393,2395,1558,1334,224,08,001,008200,08001008200,3350,157,36,11,9,104,49,19,0,132000,798,1561,48107,64,40,89,89,93,99,74,161,98,232,268,172,35,22,13,12
5,4972,2282,1847,1118,729,08,001,008308,08001008308,2988,142,29,11,8,67,15,8,0,42600,591,1848,31346,229,147,140,222,151,180,101,89,69,218,143,118,16,15,0,10
6,3052,1783,1096,794,302,08,001,008309,08001008309,1753,34,6,10,0,49,0,0,0,29700,634,1092,36270,112,75,57,55,87,128,133,56,89,127,109,46,12,6,0,0
7,4612,2994,1554,1371,183,08,001,008353,08001008353,2722,145,16,6,0,167,35,11,0,131000,1027,1567,53125,31,26,12,54,83,113,116,149,107,231,295,224,70,45,5,6
8,0,0,0,0,0,08,001,008385,08001008385,0,0,0,0,0,0,0,0,0,0,0,0,0,0,0,0,0,0,0,0,0,0,0,0,0,0,0,0,0
9,3261,3008,1168,953,215,08,001,008401,08001008401,2025,97,20,16,0,109,31,11,0,134100,659,1168,52052,44,38,23,57,67,95,51,73,81,174,187,134,76,18,20,30
10,2389,2222,860,703,157,08,001,008402,08001008402,1541,87,42,15,4,103,39,7,0,171400,751,872,50333,46,47,24,43,34,68,46,64,60,93,134,131,44,9,15,14
11,7169,5234,2437,2059,378,08,001,008505,08001008505,4605,147,95,16,0,162,31,29,0,133700,861,2444,48167,69,27,166,84,118,195,175,255,210,361,331,322,89,17,17,8
12,4504,3158,1984,564,1420,08,001,008506,08001008506,2819,145,65,0,6,171,54,5,0,116200,649,2004,36074,120,128,139,134,190,239,205,146,100,237,191,125,41,6,0,3
13,6511,4864,2101,1873,228,08,001,008507,08001008507,4092,224,91,18,8,269,31,15,7,144700,1015,2106,60672,38,50,86,28,53,159,77,131,172,234,427,449,110,46,25,21
14,4750,3695,1584,1460,124,08,001,008508,08001008508,3015,130,62,15,0,243,43,0,0,162300,1092,1588,64907,40,21,65,34,83,74,37,99,93,172,339,377,101,23,30,0
15,2194,1595,750,652,98,08,001,008512,08001008512,1456,88,12,5,0,71,16,13,0,206500,583,734,58056,34,15,0,33,56,33,20,65,28,90,59,141,36,52,19,53
16,6442,5231,2176,2039,137,08,001,008515,08001008515,4063,527,166,21,56,520,143,64,16,200500,1574,2181,74890,36,40,13,32,74,45,105,58,74,223,392,549,290,93,62,95
17,6621,5446,2171,1982,189,08,001,008516,08001008516,3955,410,51,37,24,312,41,39,8,141900,1245,2166,57042,58,63,38,89,77,64,78,214,107,345,389,432,125,44,25,18
18,2536,2253,851,793,58,08,001,008520,08001008520,1645,121,114,30,27,143,91,18,0,351000,1446,828,86244,12,6,0,19,35,13,0,21,32,42,167,168,146,33,75,59
19,1501,1355,515,483,32,08,001,008521,08001008521,1068,87,20,9,0,64,39,6,0,297300,1073,540,82565,34,8,14,0,14,5,24,19,13,13,96,142,38,57,25,38
20,5067,3849,1827,1491,336,08,001,008522,08001008522,3372,248,81,25,8,270,49,8,0,157300,825,1816,52813,95,112,85,79,139,155,52,56,66,257,218,281,115,27,73,6
21,3888,3118,1343,1153,190,08,001,008523,08001008523,2462,170,80,21,0,279,39,0,0,237500,1128,1229,58574,62,16,51,28,71,65,23,73,110,152,201,165,76,77,35,24
22,5877,4627,1857,1819,38,08,001,008524,08001008524,3708,421,90,23,22,406,73,32,0,189400,1307,1985,67603,24,8,18,0,8,29,75,130,116,343,475,403,176,117,39,24
23,6093,5100,1952,1899,53,08,001,008525,08001008525,3776,485,115,6,19,422,107,30,0,207000,1261,1950,81187,25,25,18,7,64,45,60,77,7,250,292,468,283,189,104,36
24,6230,5111,2173,1879,294,08,001,008526,08001008526,3922,704,213,23,23,537,202,23,0,231700,963,2179,79702,11,9,29,18,63,63,80,101,84,139,381,464,359,193,85,100
25,4950,4113,1730,1606,124,08,001,008527,08001008527,3168,345,73,32,34,425,68,0,10,175400,1196,1726,62266,69,25,33,60,65,97,62,74,55,294,271,395,87,81,51,7
26,5127,4074,2172,1455,717,08,001,008528,08001008528,3349,550,180,16,0,456,188,17,0,169500,883,2168,59798,77,29,81,77,148,87,71,177,78,264,341,425,163,85,32,33
27,3606,2892,1532,765,767,08,001,008529,08001008529,2359,178,61,26,8,322,71,8,6,194500,897,1501,58073,28,32,8,47,112,117,105,117,103,100,272,272,110,26,43,9
28,9505,7372,3129,2679,450,08,001,008530,08001008530,5735,536,83,52,6,579,97,37,0,160700,982,3154,62016,67,32,75,36,100,146,178,167,232,444,684,650,199,72,37,35
29,6046,4785,1992,1840,152,08,001,008531,08001008531,3722,375,60,15,19,276,45,0,0,168500,847,1989,64663,18,45,29,60,64,60,90,114,80,321,327,463,192,66,31,29
30,2575,1928,1090,582,508,08,001,008533,08001008533,1681,150,50,20,0,145,100,14,6,176700,1053,1104,52447,44,84,81,59,60,58,54,58,8,121,189,147,75,53,13,0
31,4597,3493,1424,1331,93,08,001,008534,08001008534,2695,144,34,10,6,187,66,0,0,152700,1108,1426,64359,21,17,27,22,38,57,68,91,97,154,344,343,95,20,32,0
32,2262,621,657,400,257,08,001,008603,08001008603,1290,16,0,0,0,16,0,0,0,103100,593,657,35108,36,57,51,35,77,70,104,36,21,78,33,45,14,0,0,0
33,3937,2083,947,743,204,08,001,008604,08001008604,2473,107,39,22,8,92,19,16,0,141900,870,953,49393,34,16,25,55,41,96,77,58,83,130,121,143,48,21,5,0
34,3525,2438,1254,927,327,08,001,008605,08001008605,2186,109,105,24,5,152,36,17,0,171000,573,1253,54345,48,35,58,94,73,76,65,59,58,130,188,215,79,45,30,0
35,5465,2718,1849,1059,790,08,001,008606,08001008606,3129,120,31,17,0,118,37,11,0,128700,706,1856,41116,153,110,70,169,150,131,91,180,112,178,331,81,55,43,0,2
36,0,0,0,0,0,08,001,008701,08001008701,0,0,0,0,0,0,0,0,0,0,0,0,0,0,0,0,0,0,0,0,0,0,0,0,0,0,0,0,0
37,6497,2531,2127,1100,1027,08,001,008703,08001008703,3674,37,0,10,0,20,0,5,0,108800,563,2132,30900,320,145,151,209,196,174,110,192,72,233,183,71,15,22,0,39
38,4640,2192,1535,1052,483,08,001,008705,08001008705,2914,60,10,0,0,53,10,5,0,112200,653,1537,37830,174,62,79,139,144,93,140,98,106,151,192,90,41,5,8,15
39,5384,2108,1623,969,654,08,001,008706,08001008706,3018,47,0,12,0,35,13,0,0,105700,646,1626,32273,185,127,134,133,144,164,101,87,72,118,180,120,21,7,14,19
40,4807,2104,1479,1032,447,08,001,008801,08001008801,2716,17,5,6,0,55,5,0,0,102200,733,1481,34018,172,98,65,147,143,132,91,116,64,166,172,49,27,15,13,11
41,3706,1920,1218,881,337,08,001,008802,08001008802,2220,69,7,30,0,24,0,5,0,78500,582,1199,38794,89,96,56,90,106,99,91,81,83,163,136,58,33,7,4,7
42,2418,996,742,541,201,08,001,008901,08001008901,1419,4,0,0,0,44,8,0,0,112400,753,761,32656,88,35,68,106,75,46,43,90,34,63,71,42,0,0,0,0
43,495,258,208,128,80,08,001,008952,08001008952,291,0,0,0,0,0,0,0,0,113200,542,186,32500,15,16,20,35,0,23,20,9,32,7,0,9,0,0,0,0
44,4520,2404,1440,1013,427,08,001,009001,08001009001,2554,73,20,11,0,63,5,6,0,131300,548,1494,39032,183,128,78,92,123,56,111,96,85,171,207,121,26,3,10,4
45,7379,4060,2662,1917,745,08,001,009002,08001009002,4497,200,20,7,0,227,36,41,6,120200,621,2689,41601,180,100,164,95,273,213,210,247,171,303,287,294,115,18,5,14
46,2026,1497,887,786,101,08,001,009003,08001009003,1464,34,2,4,0,34,6,0,0,56100,492,852,33077,60,67,93,84,70,82,54,55,36,46,123,42,23,8,9,0
47,3989,2440,1329,1142,187,08,001,009101,08001009101,2498,51,12,0,14,67,14,12,0,117500,839,1318,44265,54,49,92,100,89,72,87,131,71,97,248,157,35,15,5,16
48,3149,2357,1151,1034,117,08,001,009103,08001009103,1778,47,9,0,0,32,0,0,0,33900,698,1170,41739,40,22,50,82,118,146,79,124,77,175,160,82,8,0,0,7
49,3958,2687,1394,1056,338,08,001,009104,08001009104,2117,123,40,8,0,59,28,8,0,120200,816,1366,47373,33,37,72,97,63,133,71,102,156,243,127,159,47,17,9,0
50,4480,2376,1422,1070,352,08,001,009202,08001009202,2573,75,7,10,0,92,23,0,0,116000,792,1422,46141,76,63,87,89,66,104,122,62,132,214,204,135,38,26,4,0
51,3681,2359,1594,93,1501,08,001,009203,08001009203,1850,99,19,14,8,87,6,0,0,125000,758,1596,36719,47,82,118,153,189,154,138,201,163,171,104,62,3,11,0,0
52,3327,2218,1187,872,315,08,001,009204,08001009204,2095,179,25,0,7,164,31,7,0,152700,695,1205,50364,26,41,91,32,23,106,83,89,100,161,195,191,42,11,14,0
53,3859,2563,1195,1103,92,08,001,009205,08001009205,2399,131,32,0,0,111,61,9,0,155000,930,1201,60156,18,0,26,25,54,41,61,60,69,243,239,233,86,15,20,11
54,5055,3630,1908,1432,476,08,001,009304,08001009304,3305,188,70,13,15,270,70,17,0,150700,751,1906,48616,85,52,79,51,124,155,120,182,136,271,255,241,93,35,17,10
55,3562,2032,1207,1051,156,08,001,009306,08001009306,2321,97,18,12,0,64,13,5,0,141500,943,1212,48670,70,17,55,60,48,74,103,112,92,154,163,160,57,23,10,14
56,3776,1962,1262,768,494,08,001,009307,08001009307,2316,118,53,11,0,77,22,17,0,137400,785,1268,47267,46,39,61,69,84,89,76,131,78,173,197,119,66,9,12,19
57,4117,2115,1367,936,431,08,001,009308,08001009308,2340,35,0,22,0,56,24,12,7,123000,716,1368,40788,56,53,46,114,106,144,130,160,108,152,135,100,51,0,8,5
58,3556,1954,1401,876,525,08,001,009309,08001009309,2196,95,44,32,7,123,28,0,0,132200,607,1398,41918,107,73,53,94,80,118,118,139,58,159,169,136,52,32,10,0
59,5372,2822,1951,1211,740,08,001,009310,08001009310,3264,157,29,6,7,107,63,9,0,138000,622,1951,40074,159,72,146,144,124,137,192,113,154,213,258,179,39,14,0,7
60,5960,4195,2169,1941,228,08,001,009316,08001009316,3621,109,35,13,0,104,21,9,0,35800,698,2177,40700,111,120,96,144,207,193,187,180,117,256,333,144,65,11,13,0
61,4931,2681,1917,893,1024,08,001,009318,08001009318,2613,139,4,10,0,60,13,10,0,60000,663,1914,34216,254,137,138,133,178,133,156,121,144,165,161,133,21,13,20,7
62,3298,2234,1415,1031,384,08,001,009319,08001009319,2269,117,16,0,0,59,7,8,17,49300,616,1372,29510,125,173,100,124,174,48,135,109,87,70,111,61,40,0,6,9
63,2524,1638,1238,562,676,08,001,009320,08001009320,1692,61,18,0,10,56,25,0,0,40900,642,1269,32298,46,90,82,152,202,150,169,99,87,118,35,18,21,0,0,0
64,3747,2766,1662,995,667,08,001,009321,08001009321,2220,141,21,0,0,86,10,0,8,41300,769,1680,33911,131,110,112,132,203,179,140,64,106,161,207,98,23,0,14,0
65,3726,2821,1535,1290,245,08,001,009322,08001009322,2367,132,21,16,0,78,23,0,10,50500,658,1537,36660,85,117,116,113,149,144,138,113,104,144,166,67,22,15,13,31
66,3704,2513,1461,581,880,08,001,009323,08001009323,2177,274,56,14,12,202,53,0,0,151800,681,1455,41332,49,68,79,73,160,114,136,153,101,135,236,109,24,8,10,0
67,6446,4936,2459,1908,551,08,001,009324,08001009324,4351,610,225,20,36,433,144,60,33,183000,906,2467,61207,76,20,52,88,150,96,109,172,191,237,385,403,286,88,72,42
68,4035,3308,1876,970,906,08,001,009325,08001009325,2804,517,217,44,6,338,185,19,7,234700,875,1879,58783,47,94,43,109,116,108,78,41,84,238,292,222,110,86,130,81
69,5006,3573,1799,1394,405,08,001,009401,08001009401,3162,159,48,12,2,227,40,21,0,135600,830,1808,45236,40,56,85,124,157,181,148,106,128,232,217,161,102,19,16,36
70,4407,3238,1704,1158,546,08,001,009406,08001009406,3007,318,48,30,15,219,38,25,14,151300,1053,1689,55179,60,37,82,85,77,59,136,70,143,212,259,245,125,32,35,32
71,5529,3346,1757,1153,604,08,001,009407,08001009407,3301,198,46,7,7,185,45,3,0,146000,869,1750,52597,55,34,56,87,100,121,85,154,128,241,248,208,119,85,18,11
72,1568,1325,602,586,16,08,001,009408,08001009408,1074,209,48,19,0,132,49,18,0,209900,1208,591,81736,0,0,0,0,9,26,5,17,34,68,99,105,94,97,31,6
73,3656,3013,1333,1221,112,08,001,009409,08001009409,2442,286,158,16,21,313,166,15,7,180400,979,1329,69063,7,14,0,14,54,78,83,83,99,120,162,211,166,63,81,94
74,3483,2961,1210,1188,22,08,001,009410,08001009410,2448,438,139,44,27,349,153,29,8,251400,1250,1213,96526,10,7,27,22,0,14,16,36,45,86,125,258,211,111,100,145
75,3123,2599,1243,903,340,08,001,009411,08001009411,2258,397,217,41,16,263,125,13,28,209500,1220,1304,83731,26,32,18,17,30,19,72,45,45,83,151,369,163,86,73,75
76,3302,1598,1123,707,416,08,001,009501,08001009501,2014,37,5,0,7,57,16,0,14,137100,585,1118,41725,101,35,87,38,62,108,79,111,38,159,146,92,22,13,16,11
77,3732,1905,1374,1099,275,08,001,009502,08001009502,2500,66,0,0,0,44,46,13,6,133300,696,1391,36854,151,58,105,98,89,150,122,60,79,131,127,137,64,6,10,4
78,3317,1423,1099,662,437,08,001,009553,08001009553,1989,30,13,7,0,47,4,5,0,140400,557,1102,38375,92,50,99,83,85,70,98,90,17,135,107,98,49,20,9,0
79,6042,4303,2366,1043,1323,08,001,009603,08001009603,3632,274,27,0,6,372,41,0,0,137300,742,2364,41586,137,53,155,164,249,148,217,171,174,231,268,238,100,47,12,0
80,4554,2881,1881,945,936,08,001,009604,08001009604,2976,106,9,7,8,169,38,0,8,127500,628,1883,32567,218,152,108,200,133,185,105,109,122,197,162,129,47,0,16,0
81,3218,1133,1054,466,588,08,001,009606,08001009606,1826,46,6,0,0,47,28,0,0,118000,626,1063,34712,142,33,55,84,108,114,107,60,52,75,87,73,34,7,13,19
82,5030,2590,1873,832,1041,08,001,009607,08001009607,3086,110,91,0,17,101,51,16,13,171400,538,1883,41838,178,89,128,82,161,107,159,94,105,161,199,264,72,40,28,16
83,2840,1900,1050,932,118,08,001,009608,08001009608,1740,143,19,11,10,191,26,10,0,152600,1072,990,60458,7,36,16,62,53,58,56,52,13,131,181,208,86,23,8,0
84,6041,3012,2182,1508,674,08,001,009750,08001009750,3676,110,22,13,0,114,19,17,15,112500,656,2177,34986,128,154,161,220,216,210,137,98,126,207,170,220,84,37,5,4
85,4547,2383,2630,257,2373,08,005,004950,08005004950,2944,366,141,52,52,384,126,39,34,112900,588,2635,29043,280,244,274,279,309,209,174,170,133,119,156,196,56,27,0,9
86,222,200,97,94,3,08,005,005350,08005005350,156,30,5,4,0,18,26,6,0,245700,0,89,73250,0,0,0,0,0,6,0,4,0,13,25,25,0,4,0,12
87,3373,1639,1159,559,600,08,005,005551,08005005551,1998,70,15,0,0,42,5,0,0,110800,657,1166,33263,183,72,100,79,83,107,108,62,49,104,116,63,24,12,4,0
88,2517,1637,1132,700,432,08,005,005552,08005005552,1750,38,4,0,0,7,23,2,0,60200,512,1131,31509,135,113,112,105,83,67,99,108,68,106,62,36,11,11,7,8
89,3891,2814,1465,887,578,08,005,005553,08005005553,2382,156,31,0,0,126,72,19,3,143600,772,1471,45945,41,100,71,112,124,122,79,71,83,194,225,137,73,13,24,2
90,4954,4443,1906,1624,282,08,005,005611,08005005611,3518,511,201,77,41,513,128,33,29,184400,760,1906,62759,62,46,43,85,87,91,125,84,109,159,290,389,139,93,73,31
91,3784,3384,1477,921,556,08,005,005612,08005005612,2437,296,161,170,12,382,102,44,11,571600,789,1488,55446,67,36,41,48,79,97,84,93,113,127,160,114,78,26,87,238
92,6462,6038,2319,2176,143,08,005,005613,08005005613,4483,848,288,220,55,860,240,107,10,238200,1211,2318,87457,44,36,25,23,40,52,48,91,56,149,327,384,304,146,91,502
93,3404,3098,1285,1200,85,08,005,005614,08005005614,2391,369,114,43,22,393,112,35,0,178900,1339,1285,64939,17,6,28,46,59,92,60,57,38,150,243,207,111,60,33,78
94,4763,4218,1774,1515,259,08,005,005619,08005005619,3190,393,180,96,25,380,198,15,20,178300,1006,1755,61329,50,47,34,67,81,78,111,101,89,186,281,232,137,87,52,122
95,2247,1947,1434,626,808,08,005,005620,08005005620,1752,269,70,12,18,305,54,16,4,138700,815,1445,38136,77,73,80,90,208,117,120,114,124,142,150,95,39,0,16,0
96,2783,2624,1017,956,61,08,005,005621,08005005621,1873,315,150,83,27,354,135,0,14,295200,819,964,87999,31,30,0,0,66,34,49,26,26,44,100,122,127,76,92,141
97,2146,1955,808,607,201,08,005,005622,08005005622,1441,342,108,71,11,308,66,14,3,482700,1106,807,101656,24,8,24,26,6,26,24,22,8,44,84,97,122,39,57,196
98,3809,3495,1435,1327,108,08,005,005623,08005005623,2561,425,139,67,35,431,176,40,8,221100,1029,1438,78022,19,36,31,13,37,96,44,68,49,131,174,242,175,134,100,89
99,2324,2160,809,783,26,08,005,005624,08005005624,1597,326,115,59,16,284,96,27,9,237500,0,832,76559,15,17,27,8,15,45,0,17,32,104,112,146,96,91,60,47
100,3191,2863,1197,1006,191,08,005,005625,08005005625,2370,320,105,21,8,249,97,26,8,159200,706,1228,57500,18,38,80,23,79,52,80,38,50,169,233,197,106,8,47,10
101,3231,2931,1392,1160,232,08,005,005626,08005005626,2325,277,109,28,5,258,84,28,0,184700,693,1390,58548,72,55,72,48,59,99,87,114,46,61,205,187,143,59,34,49
102,4586,4385,1796,1664,132,08,005,005627,08005005627,3189,598,270,76,18,599,281,28,17,214000,1165,1797,78035,38,25,20,44,72,62,88,73,112,205,119,452,228,114,65,80
103,5846,5313,2210,1788,422,08,005,005628,08005005628,3964,615,249,17,8,646,171,25,0,185100,1183,2211,61725,65,17,51,62,83,114,165,99,186,229,313,369,203,118,90,47
104,2308,2169,767,759,8,08,005,005629,08005005629,1414,371,158,60,22,255,155,12,15,386400,725,756,135414,17,0,6,8,9,0,17,9,17,27,30,73,137,61,107,238
105,5681,5243,2167,1846,321,08,005,005630,08005005630,3798,723,340,64,88,705,202,76,15,220400,881,2170,70403,64,42,36,66,44,68,101,118,83,195,362,295,229,133,193,141
106,3321,3085,1209,1146,63,08,005,005631,08005005631,2233,465,109,120,16,415,139,13,8,204300,1588,1212,82602,15,8,0,27,23,15,25,58,36,100,191,298,163,94,73,86
107,3597,3282,1154,986,168,08,005,005632,08005005632,2123,395,236,36,49,325,168,15,0,219500,1566,1132,83979,6,7,17,14,0,0,62,22,35,89,135,322,185,65,98,75
108,3375,3081,1263,1017,246,08,005,005633,08005005633,2267,462,128,75,9,349,235,8,0,223500,1089,1294,78300,49,32,31,19,30,12,62,30,81,127,114,195,251,153,83,25
109,3115,2899,1540,1233,307,08,005,005634,08005005634,2586,355,102,73,35,437,141,65,0,176400,1105,1568,55330,78,18,71,66,46,167,91,91,38,186,217,157,122,64,102,54
110,2751,2075,1170,611,559,08,005,005700,08005005700,1935,127,39,0,0,53,78,0,0,128300,652,1219,34872,101,74,106,136,83,112,96,50,89,99,116,56,64,0,31,6
111,2643,2367,1233,938,295,08,005,005800,08005005800,1930,252,57,22,31,213,137,5,9,160300,783,1189,49263,58,55,32,51,70,90,104,55,91,186,126,139,90,22,0,20
112,4565,3814,2301,668,1633,08,005,005951,08005005951,3595,295,59,34,18,276,112,37,12,140100,505,2355,28003,328,263,203,243,202,141,135,78,69,216,249,115,82,31,0,0
113,3171,2673,1628,585,1043,08,005,005952,08005005952,2185,403,125,43,15,376,134,0,7,223000,849,1572,47500,68,59,84,107,55,140,117,106,105,162,203,201,70,42,36,17
114,3016,2521,1449,685,764,08,005,006000,08005006000,2165,195,25,28,14,155,21,0,6,146600,522,1444,33537,130,134,134,145,87,116,110,133,109,100,91,89,45,4,17,0
115,2957,2365,1378,668,710,08,005,006100,08005006100,1994,122,38,0,0,102,34,0,0,133700,571,1385,36933,104,83,99,119,109,95,175,82,33,162,127,131,47,6,13,0
116,3076,2658,1259,929,330,08,005,006200,08005006200,2149,174,45,6,0,142,46,7,0,143100,704,1257,44077,76,58,78,43,73,104,137,75,49,194,147,162,26,14,21,0
117,2823,2471,1196,923,273,08,005,006300,08005006300,1963,78,38,11,6,121,22,0,0,136900,925,1205,45587,34,32,80,66,85,90,100,100,101,121,229,105,48,8,6,0
118,3069,2241,1293,696,597,08,005,006400,08005006400,2092,131,21,0,0,118,70,6,0,150200,589,1283,35250,165,56,67,120,149,80,59,102,88,116,126,100,36,6,7,6
119,1161,960,720,99,621,08,005,006501,08005006501,750,34,5,5,0,46,14,10,0,93100,612,665,25897,128,88,53,47,62,62,53,72,7,36,22,5,7,0,5,18
120,3399,2944,1423,827,596,08,005,006502,08005006502,2388,155,91,17,12,241,141,17,7,157000,635,1489,39618,119,82,85,81,135,124,124,78,68,199,140,107,89,16,32,10
121,5521,3919,2452,688,1764,08,005,006601,08005006601,3438,292,52,0,4,248,39,7,9,124900,633,2448,34619,142,107,251,306,238,189,226,223,101,267,123,185,69,11,10,0
122,3370,3030,1352,996,356,08,005,006603,08005006603,2350,237,99,19,12,271,99,32,0,173400,414,1357,53615,101,67,46,67,35,86,73,56,87,181,184,201,81,56,25,11
123,3700,3169,1871,797,1074,08,005,006604,08005006604,2671,290,68,39,16,327,57,35,4,169400,595,1867,33811,173,170,133,151,182,144,102,84,74,139,180,194,85,40,10,6
124,4083,3885,1381,1348,33,08,005,006704,08005006704,2659,468,211,395,28,509,260,125,35,881300,540,1358,200001,18,0,6,12,7,39,6,36,31,36,64,87,73,99,158,686
125,1875,1772,599,582,17,08,005,006705,08005006705,1190,177,114,138,5,299,82,43,7,898000,425,622,179929,8,7,12,14,7,14,16,15,6,13,43,64,38,33,69,263
126,5230,4825,2149,1617,532,08,005,006706,08005006706,3475,666,307,104,46,771,235,63,15,247200,1055,2037,78245,28,55,31,15,84,63,76,73,107,202,211,296,199,196,190,211
127,4863,4357,1833,1473,360,08,005,006707,08005006707,3244,477,208,57,26,519,136,23,0,183600,1025,1828,70556,50,13,34,34,60,82,85,94,91,212,247,354,195,147,91,39
128,5357,4762,1943,1593,350,08,005,006708,08005006708,3409,651,369,113,54,728,260,45,11,256000,1017,1934,88673,83,23,28,70,67,49,60,68,51,153,141,338,326,141,144,192
129,4813,4494,1744,1638,106,08,005,006709,08005006709,3212,668,295,96,72,676,267,16,10,241900,1558,1751,95434,19,13,26,20,24,36,62,51,41,93,208,361,233,258,149,157
130,2178,1909,1022,345,677,08,005,006710,08005006710,1483,283,185,63,12,189,133,37,8,688800,993,1022,71929,29,23,31,12,83,18,61,22,72,85,109,163,89,10,103,112
131,4215,3837,1427,1371,56,08,005,006711,08005006711,2752,717,244,62,25,499,308,28,21,232500,1266,1441,87765,19,4,26,0,11,27,12,34,61,133,199,378,237,94,54,152
132,4430,3793,1957,882,1075,08,005,006807,08005006807,3116,690,211,178,44,700,224,65,7,436700,1114,1954,80000,52,45,38,22,72,114,66,74,73,179,206,227,204,107,158,317
133,5776,5175,1778,1730,48,08,005,006808,08005006808,3433,767,316,303,58,780,346,32,40,385700,1389,1737,132150,7,20,10,41,0,24,20,61,32,68,113,213,199,184,230,515
134,3889,2776,1443,824,619,08,005,006815,08005006815,2357,417,129,48,33,445,107,19,17,233500,849,1540,58810,55,32,55,71,73,71,69,121,93,140,147,171,137,146,99,60
135,4535,3547,1091,1008,83,08,005,006816,08005006816,2775,492,197,116,47,466,187,16,0,307400,1183,1088,109644,8,0,0,0,8,35,24,7,36,56,71,196,222,116,160,149
136,1350,1225,500,439,61,08,005,006854,08005006854,961,168,88,59,21,202,88,22,23,327200,1250,528,84793,8,11,5,13,17,10,12,11,7,61,67,86,62,69,25,64
137,1199,1051,460,440,20,08,005,006951,08005006951,903,135,63,49,19,124,108,13,20,213300,1375,453,77218,6,6,0,15,16,4,29,13,34,41,47,104,54,48,23,13
138,1096,994,453,417,36,08,005,006952,08005006952,729,115,37,36,13,178,53,6,6,189000,1355,459,57250,0,19,6,17,19,6,6,82,24,53,99,63,23,6,14,22
139,4805,3134,1700,1359,341,08,005,007003,08005007003,3207,359,125,27,33,389,108,17,13,184700,697,1707,61806,62,59,56,36,107,76,39,100,105,194,194,318,156,112,42,51
140,4483,2066,1605,977,628,08,005,007007,08005007007,2688,141,53,34,0,101,39,7,0,127900,666,1613,37070,117,77,90,116,191,165,104,58,72,184,166,157,60,15,11,30
141,6242,2986,2315,1130,1185,08,005,007008,08005007008,3677,162,29,16,10,208,9,18,0,133400,519,2294,36037,273,97,141,197,208,192,142,140,103,240,267,180,68,15,20,11
142,3506,1880,1423,720,703,08,005,007015,08005007015,2194,257,41,10,6,213,49,16,0,138800,557,1418,38571,119,82,72,119,107,104,138,102,58,125,160,152,54,10,9,7
143,4184,2424,1802,960,842,08,005,007016,08005007016,2819,226,78,23,0,181,70,6,0,124500,621,1794,38936,177,125,115,117,140,122,121,157,127,215,151,112,78,8,23,6
144,3959,2669,1398,1220,178,08,005,007017,08005007017,2660,186,69,0,5,204,82,15,6,143000,939,1419,52422,55,41,89,69,52,83,84,71,119,180,208,250,77,35,6,0
145,2655,1210,1095,525,570,08,005,007018,08005007018,1680,156,27,15,6,122,31,4,0,129900,710,1079,39159,83,66,82,57,107,51,111,55,62,92,145,107,35,13,13,0
146,5495,2954,2104,1300,804,08,005,007019,08005007019,3554,287,93,23,0,254,63,0,15,151800,716,2090,43813,120,130,119,166,120,168,107,134,93,245,218,257,99,58,29,27
147,6264,4725,3402,1907,1495,08,005,007020,08005007020,4694,627,224,60,41,656,253,52,17,133100,819,3413,43872,174,168,154,164,208,374,279,227,213,507,290,274,168,105,53,55
148,5683,4122,2290,1658,632,08,005,007021,08005007021,3833,517,258,92,7,456,291,36,0,190300,727,2279,62275,96,38,72,66,138,100,100,130,130,214,293,356,254,100,130,62
149,4547,3750,2052,1768,284,08,005,007022,08005007022,3330,590,187,50,18,515,181,46,8,153400,859,2049,57151,36,33,74,82,100,112,107,117,135,283,321,295,197,97,13,47
150,5076,4005,1876,1412,464,08,005,007027,08005007027,3464,272,47,23,8,357,61,9,6,140600,1180,1881,55513,24,87,41,110,111,93,144,94,106,257,337,252,142,52,24,7
151,2420,1869,775,694,81,08,005,007028,08005007028,1494,152,14,3,5,116,14,7,0,154700,1017,778,68558,16,5,17,0,27,58,25,36,25,102,171,176,55,34,19,12
152,8704,6214,3000,2803,197,08,005,007033,08005007033,5333,585,88,15,9,545,115,39,0,158800,945,3002,62875,16,53,40,91,74,104,180,211,126,395,803,586,157,90,48,28
153,6777,5055,2157,2014,143,08,005,007035,08005007035,4019,529,135,12,8,566,161,23,0,161000,1287,2158,70604,6,12,8,0,25,86,91,107,84,300,454,577,230,107,28,43
154,3473,2217,1430,963,467,08,005,007038,08005007038,2223,220,34,7,0,169,51,0,0,123900,722,1428,46368,28,53,22,66,155,111,143,107,76,205,190,137,85,8,30,12
155,4584,2967,1588,1023,565,08,005,007039,08005007039,2665,232,47,6,0,119,53,0,0,139700,783,1587,54982,56,49,54,52,128,91,93,56,120,220,213,307,100,26,8,14
156,3612,1700,1775,542,1233,08,005,007040,08005007040,2218,116,69,34,17,195,57,22,0,98600,654,1811,32129,110,104,139,191,238,172,172,151,92,164,154,67,51,6,0,0
157,4581,2253,2320,693,1627,08,005,007041,08005007041,3033,327,45,5,6,219,82,18,32,134100,692,2315,35514,128,145,58,264,253,284,167,204,82,154,294,183,42,33,18,6
158,2466,1417,1340,343,997,08,005,007043,08005007043,1501,175,15,0,0,188,20,0,0,85900,718,1316,37108,117,29,51,73,153,122,192,80,136,165,136,34,15,7,0,6
159,5563,3545,2135,1528,607,08,005,007045,08005007045,3497,365,95,20,12,253,111,10,12,135300,806,2131,51569,72,28,83,85,139,213,108,133,148,289,371,270,113,39,24,16
160,4069,2857,1365,1250,115,08,005,007046,08005007046,2660,301,91,17,0,308,97,0,8,163300,1341,1362,68333,6,21,42,23,35,62,50,114,66,164,202,310,159,40,41,27
161,3324,3214,2292,2071,221,08,005,007047,08005007047,3306,298,76,34,32,257,115,18,16,131400,837,2292,31921,125,248,236,260,214,139,184,118,103,174,145,205,56,7,45,33
162,4828,3775,2310,1893,417,08,005,007048,08005007048,3407,520,89,76,21,515,98,6,0,132500,934,2308,49267,34,77,91,50,153,193,204,208,161,261,293,300,72,98,71,42
163,7219,5678,3034,2042,992,08,005,007052,08005007052,4830,668,220,183,29,746,205,59,0,178800,908,3041,58516,188,29,61,149,149,211,215,168,142,218,466,477,257,127,125,59
164,5480,4145,2017,1355,662,08,005,007053,08005007053,3343,343,111,8,11,275,82,38,0,144400,844,2021,52523,39,51,44,85,132,109,233,164,130,176,229,344,195,31,39,20
165,7156,5127,3767,1038,2729,08,005,007054,08005007054,4997,871,272,179,49,827,401,62,7,191900,743,3776,44606,66,165,147,323,325,305,337,237,284,425,394,303,181,83,104,97
166,8719,6954,2616,2520,96,08,005,007058,08005007058,5140,910,418,65,65,879,323,24,27,238600,1280,2620,90432,19,0,17,21,67,24,77,41,49,296,221,740,421,306,212,109
167,6898,4466,3518,1556,1962,08,005,007060,08005007060,4640,827,235,98,7,722,223,62,38,130100,790,3517,41878,364,184,138,246,210,229,211,309,200,370,372,461,102,56,38,27
168,5401,3483,2942,587,2355,08,005,007061,08005007061,3710,408,82,27,8,582,170,52,8,121200,828,2944,37113,192,79,260,195,394,221,266,218,193,348,195,215,91,41,26,10
169,4611,2573,2035,1234,801,08,005,007062,08005007062,3036,385,50,33,0,370,60,23,0,98300,715,2077,41261,54,54,71,176,182,255,190,164,183,218,265,137,88,27,13,0
170,2704,1522,936,726,210,08,005,007063,08005007063,1643,119,40,6,0,128,21,0,13,152100,342,883,58708,65,12,38,41,38,39,14,28,40,142,171,174,35,15,7,24
171,6013,3502,2343,970,1373,08,005,007064,08005007064,3631,397,68,14,0,319,85,22,10,159600,728,2342,48538,101,46,70,187,181,188,121,177,131,293,239,427,72,64,32,13
172,4297,2521,1779,1156,623,08,005,007065,08005007065,2504,160,54,9,0,226,68,20,0,102600,710,1723,42423,95,66,72,118,167,173,123,96,86,228,224,140,92,24,19,0
173,2831,1766,916,837,79,08,005,007066,08005007066,1827,194,34,9,0,186,21,0,0,147000,1125,965,59269,30,0,5,0,24,59,41,76,64,206,224,130,92,14,0,0
174,5400,3815,1950,1652,298,08,005,007067,08005007067,3404,369,76,20,0,302,90,0,0,139200,916,1948,55263,43,20,24,108,136,81,98,144,133,372,260,345,104,47,25,8
175,5263,3384,1955,1169,786,08,005,007068,08005007068,3154,475,73,33,25,251,106,15,6,184100,740,1965,53393,35,39,84,93,137,135,161,115,76,160,234,299,245,72,54,26
176,3519,2518,1249,1147,102,08,005,007069,08005007069,2184,302,73,9,23,205,75,29,0,161200,1103,1177,64085,13,25,10,5,20,59,80,97,92,137,190,287,93,36,20,13
177,2175,1606,872,392,480,08,005,007070,08005007070,1359,184,12,0,0,191,39,0,0,163100,787,940,60147,16,0,18,32,53,113,47,72,59,58,149,171,87,36,18,11
178,4856,3818,1746,1529,217,08,005,007071,08005007071,3037,265,171,31,16,359,82,0,11,149200,1283,1750,61712,7,13,61,37,61,66,48,172,133,227,257,411,134,71,44,8
179,2454,1913,795,690,105,08,005,007072,08005007072,1577,160,75,9,0,243,38,14,0,147500,1080,851,63789,15,0,0,0,32,27,29,58,69,142,156,213,80,20,0,10
180,4542,3335,1571,1295,276,08,005,007073,08005007073,2678,337,153,45,29,247,78,11,18,159100,924,1520,63650,17,21,56,65,90,62,67,62,87,153,263,270,132,78,71,26
181,3904,2865,1423,1156,267,08,005,007074,08005007074,2374,188,80,37,16,299,60,8,0,138800,762,1423,58175,19,52,41,51,68,75,76,101,68,197,239,279,88,53,5,11
182,3618,2773,1204,1077,127,08,005,007075,08005007075,2175,277,31,0,17,185,83,17,0,158900,1188,1205,70616,25,0,0,10,38,49,21,52,96,115,266,296,144,40,18,35
183,3072,2252,1002,891,111,08,005,007076,08005007076,1813,187,43,19,0,162,30,19,0,145200,1119,1004,57446,29,16,13,26,23,42,53,72,51,200,212,139,46,74,8,0
184,4954,3618,1820,1458,362,08,005,007077,08005007077,3032,315,42,33,15,379,50,9,8,124600,939,1826,49286,36,44,52,131,86,136,148,146,150,338,209,229,73,26,15,7
185,3574,2824,1202,1144,58,08,005,007078,08005007078,2249,405,67,19,6,298,95,0,0,168200,1114,1206,67845,0,0,38,6,9,83,31,95,61,120,271,366,78,26,22,0
186,1828,1477,633,576,57,08,005,007079,08005007079,1170,155,68,7,22,171,70,23,0,168000,775,676,61563,0,6,9,15,8,43,24,40,38,150,76,118,86,19,14,30
187,5862,4507,1844,1783,61,08,005,007080,08005007080,3443,557,148,67,14,523,100,25,8,172000,1318,1806,75365,5,9,9,29,61,40,63,87,96,188,305,592,189,103,0,30
188,5290,4236,1580,1538,42,08,005,007081,08005007081,3059,484,238,5,14,589,87,20,10,190900,1581,1578,72778,36,0,10,7,17,45,52,61,63,219,303,437,204,71,36,17
189,4709,3630,1408,1378,30,08,005,007082,08005007082,2709,412,172,25,21,502,95,25,0,217300,1500,1379,86455,0,18,5,17,9,10,32,24,53,54,272,381,248,163,45,48
190,2128,1628,633,613,20,08,005,007083,08005007083,1246,209,154,33,29,228,52,17,11,240000,1025,653,95347,6,8,5,7,7,0,30,12,6,38,76,154,104,72,70,58
191,930,841,280,274,6,08,005,007084,08005007084,542,93,35,53,5,112,43,18,8,371200,0,265,117300,0,0,5,0,0,0,7,0,6,6,19,37,69,18,61,37
192,3464,2815,1010,998,12,08,005,007085,08005007085,2057,374,255,77,60,383,145,47,0,318300,775,1014,123176,0,0,0,10,5,4,24,13,26,16,70,134,217,173,150,172
193,3234,2653,988,973,15,08,005,007086,08005007086,2013,407,153,115,8,410,116,31,0,348500,375,1011,112783,16,8,0,0,25,7,25,23,0,30,94,126,253,94,131,179
194,3877,3504,1193,1166,27,08,005,007087,08005007087,2349,480,258,112,14,428,158,50,13,467900,1179,1183,125546,11,15,2,7,9,20,31,26,21,34,57,196,160,96,209,289
195,3996,3736,1416,1141,275,08,005,007101,08005007101,2504,105,24,6,4,94,49,12,0,144500,523,1416,46383,106,67,47,122,89,70,97,84,70,114,192,236,61,26,23,12
196,3619,3072,1196,1088,108,08,005,007102,08005007102,2247,141,33,6,1,138,83,25,7,159000,600,1200,53893,67,34,25,102,61,37,44,74,73,160,179,168,86,32,26,32
197,3844,1449,1309,562,747,08,005,007201,08005007201,2332,165,13,0,0,130,47,21,0,128200,520,1305,36099,122,61,114,116,81,133,100,169,69,98,90,101,15,6,23,7
198,4244,1144,1345,619,726,08,005,007202,08005007202,2309,104,17,0,0,76,0,0,0,112900,603,1353,30845,192,89,103,101,155,141,73,98,80,65,126,76,35,19,0,0
199,8697,2680,3124,802,2322,08,005,007300,08005007300,4839,100,22,40,11,110,34,16,0,106000,527,3116,27739,436,318,251,382,389,317,242,167,143,220,112,99,14,18,0,8
200,4854,2172,1649,1293,356,08,005,007400,08005007400,2937,137,15,3,0,155,41,15,0,109900,695,1649,39631,49,63,102,156,125,169,176,146,96,189,159,148,45,22,4,0
201,2426,1302,799,683,116,08,005,007500,08005007500,1526,101,40,6,0,106,8,0,0,127000,1000,819,45536,56,9,49,30,29,103,53,79,26,66,168,103,30,10,0,8
202,3774,1650,1325,676,649,08,005,007600,08005007600,2129,87,30,14,0,64,52,5,0,121100,658,1309,40223,129,83,113,90,96,49,88,119,89,168,176,62,26,0,15,6
203,3794,2059,1583,945,638,08,005,007702,08005007702,2551,296,76,7,0,296,104,5,0,157700,637,1585,47969,94,107,84,92,97,75,85,71,146,183,207,181,90,9,32,32
204,3924,2062,1535,798,737,08,005,007703,08005007703,2543,227,61,38,11,170,17,0,13,153500,844,1537,44175,86,62,54,105,99,76,157,146,164,174,145,143,78,20,18,10
205,3925,1766,1871,888,983,08,005,007704,08005007704,2517,237,54,7,0,186,70,7,12,106600,690,1884,38963,82,93,70,152,172,237,175,153,132,195,244,130,39,10,0,0
206,4742,4426,2080,1436,644,08,013,012101,08013012101,3487,741,402,77,111,729,404,97,84,396100,951,2077,71820,80,54,62,89,128,51,110,69,69,144,216,397,207,111,135,155
207,6970,5636,3046,1820,1226,08,013,012102,08013012102,4977,801,411,141,141,904,383,128,86,243100,926,3062,49444,204,206,128,192,173,187,191,142,120,302,267,425,234,91,103,97
208,2482,2274,941,821,120,08,013,012104,08013012104,1680,291,197,82,106,303,261,33,52,442700,1353,947,94713,13,0,13,48,38,53,27,25,13,56,84,133,108,84,115,137
209,4385,3448,1736,1424,312,08,013,012105,08013012105,3049,414,274,76,47,562,225,66,75,206900,900,1737,53246,117,99,60,130,96,60,75,114,57,169,226,184,114,52,115,69
210,3919,3348,1613,1117,496,08,013,012106,08013012106,2631,523,267,101,130,492,305,68,49,336300,858,1618,70583,46,41,42,30,83,93,88,61,89,127,154,211,194,119,73,167
211,5692,5054,3087,599,2488,08,013,012202,08013012202,3140,669,187,66,83,527,366,25,32,235600,774,3076,28326,499,336,135,253,388,254,133,172,120,218,158,194,98,73,23,22
212,6125,4298,3004,1477,1527,08,013,012203,08013012203,4168,584,412,59,81,709,302,23,26,123900,838,3000,35853,266,214,238,206,207,326,283,183,109,277,253,224,126,38,33,17
213,3434,2952,1735,274,1461,08,013,012205,08013012205,1683,408,127,36,36,375,150,20,50,345000,714,1737,31315,273,194,151,133,87,150,103,116,98,110,113,81,62,7,37,22
214,3476,3235,1679,806,873,08,013,012206,08013012206,2364,478,270,69,174,507,234,82,64,392600,843,1673,49741,159,99,107,109,47,108,80,35,98,112,100,162,117,51,161,128
215,7446,5791,795,18,777,08,013,012300,08013012300,1046,166,204,19,74,226,146,14,23,125000,602,776,21731,145,151,65,65,105,51,32,26,35,60,26,9,0,6,0,0
216,5226,4725,2003,458,1545,08,013,012401,08013012401,1498,279,130,46,79,327,151,11,31,395300,750,2002,19634,614,154,250,127,113,155,75,74,43,79,79,107,43,39,29,21
217,2509,2172,1146,757,389,08,013,012501,08013012501,1744,344,176,63,94,272,184,12,39,233200,810,1150,59191,71,28,31,76,47,25,73,44,81,110,137,190,113,73,51,0
218,4003,3693,1669,1191,478,08,013,012505,08013012505,2848,424,307,117,247,615,349,50,81,356600,1089,1676,70114,58,65,41,73,74,89,82,40,49,168,132,282,208,95,113,107
219,4299,3542,1730,802,928,08,013,012507,08013012507,2568,551,184,13,87,390,244,15,44,223900,1103,1745,47669,163,97,148,74,134,82,73,71,65,172,221,218,120,52,44,11
220,2825,2463,1250,504,746,08,013,012508,08013012508,1824,369,138,19,98,343,179,28,6,228000,984,1250,48688,85,50,102,59,75,50,67,78,80,137,182,164,61,20,28,12
221,3243,2987,1287,960,327,08,013,012509,08013012509,2278,295,312,45,133,407,263,52,42,271300,1509,1275,69792,49,39,36,30,57,52,49,39,100,70,182,250,125,124,45,28
222,4339,4061,1948,1549,399,08,013,012510,08013012510,3301,555,314,162,272,672,323,63,144,306800,1199,1939,69855,61,57,7,55,65,75,120,85,71,147,306,291,225,139,128,107
223,3215,2624,1497,634,863,08,013,012511,08013012511,2342,437,198,67,63,451,201,20,45,275200,788,1503,44449,136,69,117,110,59,81,107,80,39,105,147,176,158,34,37,48
224,3562,3128,1514,1002,512,08,013,012603,08013012603,2603,372,336,90,208,432,251,89,76,325300,1007,1509,70685,58,19,33,37,48,36,108,106,65,106,178,293,119,114,128,61
225,1580,1165,719,189,530,08,013,012605,08013012605,694,153,156,0,17,120,50,6,8,183800,618,690,26929,126,95,74,23,71,71,33,34,28,52,27,28,28,0,0,0
226,7098,5209,3679,772,2907,08,013,012606,08013012606,3716,717,183,35,167,469,245,36,65,189300,724,3703,23386,796,494,360,268,242,245,224,147,98,269,247,163,76,37,10,27
227,5636,5211,2100,1655,445,08,013,012701,08013012701,3898,658,370,93,272,859,294,79,87,361300,1047,2112,87311,61,14,49,58,43,100,65,84,83,175,239,233,376,169,227,136
228,3513,3010,1794,1001,793,08,013,012705,08013012705,2509,505,203,7,113,499,172,32,40,174200,928,1786,51087,64,43,12,96,97,155,133,186,97,177,178,245,169,68,49,17
229,2128,1734,657,570,87,08,013,012707,08013012707,1429,161,109,14,55,149,114,0,33,336500,621,622,66705,25,23,12,35,20,31,50,9,16,41,95,64,83,23,42,53
230,5380,4903,2152,1874,278,08,013,012708,08013012708,3757,719,381,83,184,764,351,53,46,314900,982,2153,87797,93,74,42,42,58,78,63,112,56,106,187,375,256,172,193,246
231,1946,1821,691,630,61,08,013,012709,08013012709,1398,242,105,26,57,196,117,22,33,233900,1529,705,82705,9,9,0,20,15,36,21,17,24,67,70,182,100,99,28,8
232,3819,3515,1442,1216,226,08,013,012710,08013012710,2628,412,254,104,107,476,268,43,66,385700,885,1477,88401,65,17,16,17,62,59,73,25,48,89,205,143,222,125,100,211
233,6801,6020,2321,2187,134,08,013,012800,08013012800,4441,841,374,104,109,815,249,43,21,280700,1174,2328,85213,18,30,11,17,35,62,45,75,60,201,327,564,396,97,188,202
234,1557,1421,591,552,39,08,013,012903,08013012903,1031,217,137,38,20,235,105,8,0,409100,1486,551,112596,16,8,15,0,8,0,7,0,8,30,40,89,95,53,86,96
235,5042,4345,1848,1539,309,08,013,012904,08013012904,3479,530,281,47,58,576,293,39,41,208500,1164,1913,67515,18,31,21,73,62,110,91,124,84,225,306,306,135,132,117,78
236,2575,1764,1012,596,416,08,013,012905,08013012905,1576,96,91,47,11,127,54,35,0,159600,708,958,43403,93,97,63,47,31,53,41,77,34,132,86,119,53,32,0,0
237,4138,3561,1758,1371,387,08,013,012906,08013012906,2917,526,209,44,47,462,181,44,24,189700,874,1798,56806,79,32,56,84,123,97,95,134,79,135,333,213,185,84,19,50
238,2796,2236,1033,817,216,08,013,012907,08013012907,1872,277,118,8,35,313,70,22,26,180700,1057,1038,60560,14,27,33,26,64,31,41,53,54,161,191,193,66,38,30,16
239,6332,3904,2405,1577,828,08,013,012908,08013012908,3850,364,55,20,0,389,78,5,20,106200,791,2430,40690,260,92,127,182,233,188,101,154,90,328,330,168,101,16,36,24
240,4672,4223,1826,1416,410,08,013,013003,08013013003,3211,661,230,63,134,581,225,43,66,268600,921,1827,68239,60,46,36,30,31,133,83,61,126,150,229,298,205,133,99,107
241,3633,3188,1196,1065,131,08,013,013004,08013013004,2279,372,258,71,41,413,171,54,30,263600,1311,1202,86812,28,23,12,27,31,54,75,26,34,61,144,205,135,101,146,100
242,3121,2805,1281,874,407,08,013,013005,08013013005,2112,330,185,27,30,412,135,25,17,212700,747,1317,52211,45,14,53,59,71,126,58,93,44,195,155,156,146,26,68,8
243,5691,5057,2158,1665,493,08,013,013006,08013013006,3648,651,281,79,77,780,238,24,26,210400,1005,2147,66919,46,36,72,33,61,96,94,104,96,280,324,461,195,143,80,26
244,2590,2261,1086,806,280,08,013,013007,08013013007,1780,297,242,55,45,371,104,15,18,279900,922,1071,79430,61,9,54,21,29,31,29,30,29,107,115,189,144,60,88,75
245,4840,4374,1756,1651,105,08,013,013104,08013013104,3202,503,312,38,24,554,167,17,23,244300,1458,1757,80761,27,11,28,40,79,50,53,86,67,100,255,297,294,167,123,80
246,9836,8310,3830,2106,1724,08,013,013106,08013013106,6185,1473,582,212,137,1226,430,76,59,281500,1285,3851,80791,132,36,61,82,107,101,109,158,166,333,499,691,558,257,289,272
247,3533,2983,1267,811,456,08,013,013107,08013013107,2143,292,146,17,31,302,94,37,8,186700,865,1269,58162,51,9,43,57,21,124,64,54,48,176,140,214,84,92,37,55
248,3811,3324,1276,1177,99,08,013,013108,08013013108,2529,337,281,46,63,360,99,20,55,244000,1278,1278,88329,38,0,10,46,6,64,20,61,19,94,207,248,207,109,67,82
249,2372,2081,946,647,299,08,013,013109,08013013109,1516,195,105,18,23,202,70,7,0,165800,651,883,57639,21,22,52,24,33,71,74,30,27,113,156,112,89,22,28,9
250,3567,2813,1406,767,639,08,013,013110,08013013110,2375,322,61,39,18,220,53,31,8,158900,667,1478,43571,98,57,59,120,107,138,78,102,136,158,131,182,55,41,9,7
251,3486,2888,1373,714,659,08,013,013111,08013013111,2117,221,117,35,7,193,75,0,0,198500,674,1378,51250,158,45,45,60,112,58,108,30,67,89,135,223,147,53,39,9
252,1695,1578,605,545,60,08,013,013201,08013013201,1208,107,65,19,22,149,69,11,0,280500,752,638,71154,22,17,6,33,27,33,8,19,26,48,113,77,52,57,32,68
253,1504,1409,556,499,57,08,013,013202,08013013202,999,150,60,15,27,192,68,16,26,442500,375,513,98504,7,18,5,24,15,14,16,13,4,33,51,59,67,58,65,64
254,5207,4811,1899,1684,215,08,013,013205,08013013205,3533,708,292,76,102,603,220,39,20,294700,872,1903,83952,98,30,36,44,68,47,50,50,20,130,244,298,207,220,136,225
255,4605,4089,1760,1093,667,08,013,013207,08013013207,2945,491,196,55,63,393,226,17,17,249700,883,1758,68287,53,54,44,59,77,45,88,55,62,173,226,313,175,115,112,107
256,5893,5237,2337,1713,624,08,013,013208,08013013208,4112,428,275,95,44,470,203,35,35,198500,815,2332,62054,118,81,113,92,93,93,136,50,138,206,273,347,250,161,116,65
257,4744,4147,1845,1515,330,08,013,013209,08013013209,3138,515,161,47,57,442,166,29,20,224000,1066,1838,69091,44,20,37,100,79,130,122,65,37,144,219,432,207,64,109,29
258,5179,3696,1710,1228,482,08,013,013210,08013013210,3133,214,72,13,12,257,32,0,9,159900,770,1704,55308,69,57,63,115,46,89,73,90,128,263,228,274,129,16,44,20
259,4000,3235,1365,1189,176,08,013,013211,08013013211,2522,349,230,26,62,361,122,19,15,347400,520,1372,72697,16,72,64,94,85,93,50,20,0,82,145,174,88,90,136,163
260,5391,4519,2343,1496,847,08,013,013302,08013013302,3772,409,158,65,29,569,126,34,5,176400,700,2349,44144,156,103,180,186,154,148,129,150,37,215,343,230,126,64,53,75
261,5095,4305,1863,1360,503,08,013,013305,08013013305,3179,407,78,34,7,377,77,19,6,166800,871,1870,61641,28,24,49,39,75,105,106,88,84,274,343,362,194,63,21,15
262,4744,3729,1732,997,735,08,013,013306,08013013306,3014,276,89,15,16,291,59,0,6,161200,744,1747,46509,151,48,112,92,107,120,116,110,85,232,223,230,80,28,0,13
263,3898,3138,1627,843,784,08,013,013307,08013013307,2658,191,58,9,6,178,63,10,0,173200,687,1616,39083,103,87,132,131,129,128,120,95,85,136,206,134,46,33,30,21
264,3718,2921,1607,1029,578,08,013,013308,08013013308,2633,156,77,13,14,184,75,0,0,141000,719,1605,39215,125,106,150,122,118,121,74,79,98,182,228,119,54,13,4,12
265,3815,1882,1437,635,802,08,013,013401,08013013401,2290,134,48,9,15,178,101,6,5,139300,624,1468,34300,146,97,143,107,157,91,129,128,111,120,118,73,31,17,0,0
266,5452,3567,1781,1262,519,08,013,013402,08013013402,3215,318,113,42,34,353,106,7,14,175700,813,1778,58023,51,45,77,64,83,97,105,127,88,186,260,255,180,54,64,42
267,5353,3953,2125,1139,986,08,013,013501,08013013501,3365,271,131,27,31,346,71,6,0,183500,764,2131,44896,205,162,74,140,121,128,137,100,145,200,172,296,151,59,34,7
268,5709,3463,1973,1061,912,08,013,013503,08013013503,3271,158,68,16,0,213,71,6,0,140900,675,1971,38360,225,116,108,100,155,103,229,140,201,260,182,91,22,26,13,0
269,5903,4799,2020,1634,386,08,013,013504,08013013504,3611,485,161,40,45,503,122,36,0,175300,992,2026,62097,77,51,30,52,59,84,91,112,120,285,275,486,204,50,20,30
270,3583,3275,1467,1135,332,08,013,013601,08013013601,2555,342,112,59,52,329,103,28,12,276600,769,1466,57639,61,74,46,101,90,74,46,67,39,169,139,171,124,89,84,92
271,977,935,463,362,101,08,013,013602,08013013602,739,46,45,2,26,84,68,0,8,238800,574,426,43500,33,40,23,21,7,32,35,31,19,38,27,55,47,0,12,6
272,5593,5297,2301,1949,352,08,013,013701,08013013701,4250,912,390,108,181,756,539,65,124,362600,869,2302,78801,77,41,43,66,61,131,33,100,166,129,236,378,224,181,247,189
273,5845,5544,2501,1975,526,08,013,013702,08013013702,4461,878,367,78,106,760,345,74,76,275200,768,2506,67319,85,74,105,84,81,89,98,95,110,248,356,397,277,152,135,120
274,4791,4568,1997,1778,219,08,019,014700,08019014700,3539,546,230,97,85,588,189,28,43,238700,883,1996,66394,67,56,43,76,78,77,76,138,77,225,218,301,256,91,133,84
275,1882,1732,836,485,351,08,019,014800,08019014800,1278,95,34,9,12,84,32,5,3,147400,625,846,39643,58,53,67,63,53,73,58,54,51,88,70,102,39,12,2,3
276,2649,2459,1186,796,390,08,019,014900,08019014900,1885,179,52,13,14,158,80,20,5,155600,625,1186,41977,86,51,65,68,105,87,97,97,77,127,128,107,36,23,12,20
277,3014,1944,1137,844,293,08,031,000101,08031000101,1912,162,27,50,9,189,62,25,11,140900,714,1130,39330,75,39,56,59,77,137,137,77,53,116,90,141,49,15,9,0
278,3414,2039,1502,1079,423,08,031,000102,08031000102,2403,129,101,8,0,245,94,46,0,150100,682,1505,41958,79,105,86,93,114,111,123,88,113,193,150,148,63,25,14,0
279,4374,1375,1500,1159,341,08,031,000201,08031000201,2744,140,30,6,0,154,36,10,0,120200,749,1514,33017,154,152,142,119,106,130,92,98,84,153,118,93,47,10,7,9
280,4485,1105,1553,998,555,08,031,000202,08031000202,2631,90,48,0,9,112,63,27,0,123800,397,1549,32472,271,84,117,146,112,82,69,112,85,194,106,114,28,14,8,7
281,5477,3255,2384,1558,826,08,031,000301,08031000301,3993,302,123,55,21,387,147,55,0,157600,580,2386,40107,195,202,144,190,162,187,108,204,126,233,280,200,62,38,21,34
282,3660,2438,1718,1138,580,08,031,000302,08031000302,2707,366,96,27,25,350,108,35,51,172700,680,1716,44470,101,39,135,171,95,129,113,82,108,126,295,166,87,20,42,7
283,4871,3063,2226,1370,856,08,031,000303,08031000303,3698,486,104,18,42,453,242,46,24,185000,562,2230,38614,231,130,133,165,143,171,193,154,30,270,149,232,160,37,20,12
284,3740,1184,1372,788,584,08,031,000401,08031000401,2415,200,45,0,0,151,49,11,0,145900,568,1368,36923,165,118,67,83,140,81,84,75,91,81,143,156,46,19,5,14
285,7012,2396,2503,1032,1471,08,031,000402,08031000402,4588,384,135,14,12,452,110,25,7,164300,544,2504,32065,343,326,196,161,169,91,158,128,169,177,202,208,137,17,14,8
286,1943,1220,943,665,278,08,031,000501,08031000501,1406,244,62,17,16,184,61,16,0,179500,669,915,42896,41,36,63,58,49,96,84,65,32,57,144,81,47,13,32,17
287,6138,2721,2649,1335,1314,08,031,000502,08031000502,4174,365,122,58,52,421,156,75,0,168200,537,2663,35017,335,250,232,161,172,181,187,124,114,244,212,216,105,40,60,30
288,3330,471,1065,250,815,08,031,000600,08031000600,1913,98,10,0,0,93,22,4,6,138200,530,1101,28988,200,128,71,104,56,70,96,85,43,65,85,42,11,13,9,23
289,4413,1584,1648,571,1077,08,031,000701,08031000701,2695,153,19,5,8,153,23,16,0,136400,471,1652,31979,213,165,138,118,173,66,149,118,83,140,121,106,15,22,5,20
290,6412,960,1933,457,1476,08,031,000702,08031000702,3139,118,42,9,0,65,34,5,4,131600,602,1911,25011,413,189,173,180,242,124,135,121,45,83,147,45,6,0,8,0
291,1496,151,449,23,426,08,031,000800,08031000800,546,0,0,0,0,0,8,0,0,85000,195,482,7411,277,49,80,21,19,17,14,0,0,5,0,0,0,0,0,0
292,5558,1582,1788,1414,374,08,031,000902,08031000902,3349,76,23,0,0,101,14,7,0,123400,656,1795,36436,143,118,150,120,158,139,194,132,205,188,88,120,22,13,5,0
293,6060,1256,1811,1222,589,08,031,000903,08031000903,3430,80,22,7,0,120,15,0,0,112900,683,1802,34821,171,110,107,179,204,134,149,111,127,131,127,207,25,0,17,3
294,5610,941,1717,633,1084,08,031,000904,08031000904,2983,74,0,6,0,38,0,13,0,117900,580,1719,30496,325,147,213,124,38,127,137,116,94,104,133,108,16,9,23,5
295,4387,631,1185,840,345,08,031,000905,08031000905,2382,32,11,0,9,65,0,11,6,110700,801,1205,34288,111,80,60,111,87,178,115,51,42,91,139,72,28,16,0,24
296,3980,724,1225,629,596,08,031,001000,08031001000,2191,25,19,0,0,25,19,7,0,112300,552,1236,28839,235,114,93,109,93,84,73,61,44,156,88,44,14,22,0,6
297,3330,379,942,490,452,08,031,001101,08031001101,1749,52,6,3,0,10,4,0,0,117700,491,941,28728,137,79,135,73,75,105,74,58,55,35,53,19,20,4,10,9
298,3341,644,1092,503,589,08,031,001102,08031001102,1925,94,62,0,12,101,34,0,0,135300,576,1093,31672,140,101,37,116,97,132,74,81,43,76,93,83,12,0,8,0
299,4879,1332,1587,1104,483,08,031,001301,08031001301,2887,111,33,0,4,86,41,15,0,133000,685,1587,38953,109,95,98,141,172,104,90,109,123,152,167,117,14,51,19,26
300,3785,1226,1293,954,339,08,031,001302,08031001302,2281,19,8,8,0,81,20,5,0,127900,714,1299,36045,104,82,106,98,110,124,103,121,54,115,153,73,21,9,0,26
301,5708,1660,2021,1108,913,08,031,001401,08031001401,3533,63,33,10,15,55,44,5,14,129700,374,2034,29556,389,205,133,135,171,116,123,111,66,186,180,87,55,18,27,32
302,4053,1369,1379,891,488,08,031,001402,08031001402,2345,54,0,3,0,66,11,0,0,122800,478,1353,35378,152,136,71,143,88,80,84,94,66,203,85,71,41,20,7,12
303,2081,1338,874,493,381,08,031,001403,08031001403,1426,123,31,5,0,112,9,7,0,118700,646,895,39866,32,21,67,97,87,91,54,107,84,97,50,51,50,0,7,0
304,3454,586,911,571,340,08,031,001500,08031001500,1843,35,5,0,0,24,0,0,0,93500,570,913,32147,95,116,101,40,71,87,71,39,39,93,77,74,5,0,5,0
305,3483,1165,959,410,549,08,031,001600,08031001600,2429,248,21,8,17,98,30,39,14,184000,548,965,31117,152,69,126,73,29,75,57,58,78,85,28,49,40,33,0,13
306,2225,1672,1588,692,896,08,031,001701,08031001701,2131,330,183,86,32,300,105,16,6,342300,356,1634,33750,432,178,55,68,64,20,32,25,49,90,89,82,89,81,100,180
307,2005,1475,1421,376,1045,08,031,001702,08031001702,1667,316,101,37,18,230,37,44,0,181200,649,1377,30607,323,130,59,54,114,89,74,19,32,60,103,138,46,40,15,81
308,3532,1551,1718,273,1445,08,031,001800,08031001800,2365,337,153,3,27,233,82,11,0,105700,854,1727,31771,379,155,93,64,113,108,69,129,61,135,168,151,75,0,15,12
309,3022,571,996,266,730,08,031,001900,08031001900,1589,38,18,0,6,25,11,11,6,143800,329,1021,17257,352,126,92,92,44,56,68,52,28,33,27,5,9,27,0,10
310,619,462,400,178,222,08,031,002000,08031002000,504,78,15,44,24,72,34,0,0,319800,331,374,25714,101,9,47,24,30,0,25,7,0,0,12,35,38,24,13,9
311,5810,2307,2421,969,1452,08,031,002100,08031002100,3938,438,165,32,26,458,133,8,9,157600,514,2438,31719,382,155,210,185,210,153,101,187,82,219,183,174,150,0,32,15
312,5462,1065,1927,1026,901,08,031,002300,08031002300,3306,299,107,0,7,240,93,18,15,157600,534,1933,31964,305,148,161,117,186,129,70,113,88,121,202,200,46,29,6,12
313,1642,541,711,280,431,08,031,002402,08031002402,1039,96,45,15,0,61,19,10,0,180600,422,698,28250,191,54,41,35,35,32,58,32,19,44,61,28,33,19,4,12
314,3650,699,1591,333,1258,08,031,002403,08031002403,2191,143,33,22,0,135,41,14,11,140100,438,1597,17626,513,190,180,67,123,60,92,44,69,95,73,42,26,10,0,13
315,2472,1586,1468,25,1443,08,031,002601,08031002601,1982,280,46,54,23,103,46,6,10,145300,438,1494,18397,472,177,148,125,102,69,55,37,34,115,75,43,15,27,0,0
316,1599,892,917,156,761,08,031,002602,08031002602,1188,221,26,24,14,109,23,15,0,190400,438,894,26875,188,83,74,84,55,24,46,30,47,87,69,39,25,12,18,13
317,4693,3474,3406,397,3009,08,031,002701,08031002701,3620,559,174,22,19,393,96,23,8,128400,504,3409,25777,594,351,327,347,415,233,258,166,134,268,142,109,27,9,12,17
318,5100,4055,3654,1002,2652,08,031,002702,08031002702,4241,843,266,105,10,732,211,100,20,151100,604,3652,34190,542,264,335,210,224,286,392,164,209,279,302,229,75,57,77,7
319,5194,3720,3569,523,3046,08,031,002703,08031002703,3915,634,186,61,0,416,155,51,6,114700,529,3567,27890,590,311,329,354,381,345,263,216,71,186,166,242,62,18,24,9
320,2748,2293,1679,677,1002,08,031,002801,08031002801,2251,432,149,58,15,376,100,47,31,198000,583,1679,38278,108,91,98,112,193,121,153,70,52,110,174,145,137,43,37,35
321,4540,3194,2717,631,2086,08,031,002802,08031002802,3540,702,125,34,38,500,133,24,32,182400,547,2709,29964,403,233,337,146,237,235,219,175,147,111,160,163,70,28,17,28
322,4172,3555,3017,550,2467,08,031,002803,08031002803,3552,710,221,92,69,718,272,54,32,221300,637,3010,36630,204,169,164,343,308,229,228,152,175,261,281,222,154,37,22,61
323,2650,2180,1480,702,778,08,031,002901,08031002901,2113,382,113,55,22,431,187,38,12,222400,600,1472,45670,96,85,60,89,124,125,55,87,84,126,135,190,118,34,28,36
324,3669,3319,1900,1273,627,08,031,002902,08031002902,3048,672,194,116,41,733,236,71,42,248300,790,1891,63554,84,89,13,44,113,127,133,50,58,154,303,280,156,112,101,74
325,5310,4612,2702,1764,938,08,031,003001,08031003001,4145,629,325,94,11,775,394,60,24,190900,704,2712,49444,163,94,130,144,129,136,246,180,148,253,362,301,208,86,52,80
326,2689,2276,1295,646,649,08,031,003002,08031003002,2131,239,84,31,9,256,164,25,0,170600,827,1291,43427,41,83,66,134,73,66,99,103,66,135,136,129,109,18,23,10
327,3181,2615,1244,509,735,08,031,003003,08031003003,1521,314,123,13,22,276,109,33,17,160300,654,1253,37138,138,52,114,97,71,122,73,86,40,111,124,134,43,9,34,5
328,5515,4666,2680,1277,1403,08,031,003004,08031003004,3667,707,262,64,38,638,297,75,21,187200,556,2685,40286,413,129,149,198,180,137,131,131,121,217,187,406,136,75,52,23
329,1596,566,725,295,430,08,031,003101,08031003101,1108,107,41,10,0,101,36,30,6,196200,466,693,31971,126,52,57,52,39,42,44,19,42,43,64,61,37,3,6,6
330,2690,1614,1524,211,1313,08,031,003102,08031003102,2198,267,44,31,11,232,117,18,11,196400,459,1563,21017,389,189,151,152,130,65,62,82,86,65,75,61,27,12,17,0
331,5240,4110,3516,941,2575,08,031,003201,08031003201,4261,780,224,139,79,708,239,39,62,194500,556,3528,33689,347,320,255,288,326,271,274,242,148,244,235,208,128,69,59,114
332,3044,2464,1982,490,1492,08,031,003202,08031003202,2629,463,143,48,22,385,155,49,42,202300,581,1981,32456,165,171,171,156,189,211,128,86,79,146,153,111,56,30,70,59
333,2971,2797,1321,1073,248,08,031,003203,08031003203,2222,316,242,260,32,437,343,106,32,495600,974,1323,99109,20,12,17,14,54,48,50,40,49,50,158,154,145,92,104,316
334,2785,2569,1294,1023,271,08,031,003300,08031003300,2192,384,160,205,46,428,231,122,15,293800,870,1295,79052,54,25,38,79,60,21,42,55,29,79,136,146,185,90,106,150
335,2368,2219,1364,1041,323,08,031,003401,08031003401,2035,438,121,84,41,449,220,76,40,264000,944,1347,80338,34,18,35,26,50,44,32,27,79,108,178,241,184,83,70,138
336,4282,3959,2026,1652,374,08,031,003402,08031003402,3444,640,287,233,64,725,287,168,54,308500,1217,2018,84360,50,33,43,53,95,85,88,60,46,182,199,223,193,156,209,303
337,6708,664,1741,1056,685,08,031,003500,08031003500,3466,36,27,0,0,54,0,0,0,98400,627,1740,30709,272,155,121,173,128,111,129,108,48,242,89,104,35,9,0,16
338,5662,337,1632,788,844,08,031,003601,08031003601,3022,120,44,0,0,136,38,0,0,104100,475,1634,30114,316,143,157,115,82,135,117,119,57,120,143,61,23,15,0,31
339,5172,310,1522,867,655,08,031,003602,08031003602,2653,81,6,0,35,113,14,9,17,107700,610,1547,27972,294,138,114,169,95,167,81,105,42,109,96,51,31,22,12,21
340,3375,331,1411,895,516,08,031,003603,08031003603,2210,162,45,0,7,159,69,0,7,124400,629,1399,30828,272,89,89,117,108,129,67,28,92,121,77,115,55,12,14,14
341,2123,1553,1153,383,770,08,031,003701,08031003701,1761,221,44,44,23,263,112,45,20,189500,527,1140,36445,78,63,125,142,63,62,88,78,38,119,95,70,48,16,26,29
342,4484,3441,2738,709,2029,08,031,003702,08031003702,3610,645,219,79,38,652,192,73,36,239400,536,2737,31319,335,228,191,233,305,215,224,80,102,168,214,255,17,59,66,45
343,3055,2158,1697,552,1145,08,031,003703,08031003703,2330,395,116,92,30,290,155,52,21,222700,609,1707,36948,188,102,116,117,152,145,78,96,92,108,178,145,87,37,49,17
344,5028,4548,3198,1494,1704,08,031,003800,08031003800,4483,763,273,295,91,946,351,131,56,375000,759,3198,58080,358,186,117,81,105,128,111,218,98,240,247,258,314,212,178,347
345,3675,3469,1833,1691,142,08,031,003901,08031003901,3071,488,252,341,47,547,309,131,24,403800,1125,1823,98182,45,67,21,38,71,62,62,55,42,81,125,253,174,157,191,379
346,3486,3089,1801,1465,336,08,031,003902,08031003902,2836,584,115,106,36,539,285,58,49,214600,1068,1804,59128,70,62,65,70,88,124,89,81,65,203,270,270,122,67,78,80
347,3044,2810,1351,1248,103,08,031,004002,08031004002,2327,400,185,143,25,522,216,20,0,292500,1257,1347,73942,21,14,24,20,37,107,32,40,34,140,210,195,99,125,90,159
348,4201,3637,1961,1587,374,08,031,004003,08031004003,3194,580,128,41,4,547,118,18,4,156900,1059,1965,52016,63,75,87,78,87,118,146,153,111,242,345,267,127,35,28,3
349,1703,1532,832,760,72,08,031,004004,08031004004,1458,277,52,83,15,280,78,32,0,224500,998,853,65057,13,31,34,35,39,46,39,66,31,70,96,127,78,40,67,41
350,2730,2148,1561,463,1098,08,031,004005,08031004005,1922,365,121,55,11,322,77,51,19,187700,641,1544,33654,197,96,101,148,118,147,76,61,85,73,162,148,44,50,4,34
351,4140,3727,1996,1084,912,08,031,004006,08031004006,3031,428,229,196,55,470,302,116,51,284100,696,2002,47656,129,105,124,79,118,151,155,75,95,174,239,143,120,53,35,207
352,3289,143,1188,421,767,08,031,004101,08031004101,1943,48,8,0,12,71,42,0,13,131400,613,1194,25817,248,134,99,99,90,86,94,67,47,72,47,45,34,19,7,6
353,4535,223,1445,849,596,08,031,004102,08031004102,2570,85,0,7,7,91,56,0,16,138400,676,1441,33589,130,172,77,108,152,99,92,66,136,129,153,60,35,23,9,0
354,5283,1943,2116,1844,272,08,031,004103,08031004103,3757,509,155,63,8,599,312,20,49,186600,741,2101,47514,80,111,176,111,138,129,111,162,122,139,194,254,109,161,38,66
355,4774,834,1828,1433,395,08,031,004104,08031004104,3088,206,43,29,8,242,147,54,0,132700,721,1843,41180,221,86,109,93,107,126,146,124,128,153,205,195,46,28,47,29
356,2575,792,3,0,3,08,031,004105,08031004105,1943,68,61,0,90,42,0,0,0,0,0,0,0,0,0,0,0,0,0,0,0,0,0,0,0,0,0,0,0
357,4574,3643,1899,1474,425,08,031,004201,08031004201,3277,499,273,278,35,623,326,94,37,280500,737,1901,69041,61,47,73,66,120,114,66,10,68,181,208,292,144,111,142,198
358,3967,2727,1745,1347,398,08,031,004202,08031004202,2793,464,175,201,33,455,339,60,35,249900,613,1752,56582,149,59,60,88,100,75,90,56,81,148,175,193,193,63,105,117
359,4985,3473,2948,987,1961,08,031,004301,08031004301,3821,582,190,169,44,653,206,140,70,181100,571,2950,32293,554,179,194,235,202,218,204,148,153,218,214,181,132,42,32,44
360,2489,2032,1233,872,361,08,031,004302,08031004302,1990,351,87,103,14,324,185,101,29,224200,766,1273,57180,95,53,58,48,40,34,63,116,54,101,171,191,93,65,37,54
361,3906,3638,1579,1486,93,08,031,004303,08031004303,2762,422,101,395,51,531,287,140,18,407700,1029,1536,108236,58,15,30,5,49,36,53,19,25,81,107,184,267,131,124,352
362,5373,4226,2739,1952,787,08,031,004304,08031004304,4172,619,198,302,104,866,313,215,0,195500,670,2743,55901,68,111,153,150,101,136,225,139,101,325,267,347,238,174,135,73
363,4800,3697,2098,1128,970,08,031,004306,08031004306,3438,449,258,265,59,637,241,91,67,300900,923,2107,57180,178,64,62,86,138,90,88,63,100,236,198,244,126,138,142,154
364,5053,1450,1870,975,895,08,031,004403,08031004403,2960,113,53,18,15,185,51,23,0,111900,627,1871,32453,200,148,139,167,151,198,147,111,119,149,156,100,47,28,11,0
365,5083,1655,2193,693,1500,08,031,004404,08031004404,3046,276,75,0,0,210,47,8,9,116200,547,2230,26283,292,191,224,330,310,115,119,141,52,148,112,131,16,11,22,16
366,2025,1243,823,314,509,08,031,004405,08031004405,1275,128,110,47,4,150,52,53,15,306500,1004,789,50057,52,50,31,49,74,38,45,28,27,29,97,67,83,38,26,55
367,7342,1497,2137,1251,886,08,031,004501,08031004501,3897,57,22,14,0,59,12,10,0,111400,618,2151,31476,264,175,174,208,186,172,152,117,151,242,129,124,16,13,6,22
368,7657,1041,2117,1100,1017,08,031,004502,08031004502,3824,41,32,13,0,46,19,4,0,100400,568,2118,27319,296,197,212,290,151,159,141,107,118,190,105,96,16,18,13,9
369,5294,2457,1863,1570,293,08,031,004601,08031004601,3417,139,16,0,0,156,5,9,0,130600,777,1870,42418,194,88,82,103,121,167,121,129,58,301,206,193,94,6,0,7
370,6938,1999,2255,1261,994,08,031,004602,08031004602,4209,142,34,28,0,77,61,38,13,121800,601,2263,33671,173,193,179,192,241,204,171,158,136,195,220,135,26,25,0,15
371,5330,2604,1941,1549,392,08,031,004603,08031004603,3408,105,20,21,0,119,71,16,5,129900,733,1952,41438,124,104,89,141,155,144,173,155,182,272,217,132,19,35,3,7
372,5891,2989,2229,1503,726,08,031,004700,08031004700,3839,246,99,27,16,244,83,7,7,160800,636,2219,43511,60,125,206,111,261,115,135,137,88,265,308,158,157,54,14,25
373,2874,1943,1064,991,73,08,031,004801,08031004801,2031,184,75,15,0,151,12,4,0,159400,941,1054,51500,18,24,50,70,59,78,53,107,50,116,178,132,54,24,19,22
374,5487,2971,2248,1163,1085,08,031,004802,08031004802,3591,327,129,9,7,324,86,13,8,160100,684,2245,43469,190,146,86,142,153,152,153,125,155,200,308,300,79,16,17,23
375,3642,2731,2110,642,1468,08,031,004900,08031004900,2690,542,115,27,0,492,148,17,8,164700,654,2110,38205,177,128,160,122,212,160,175,115,137,204,168,215,55,25,42,15
376,2588,1841,1012,761,251,08,031,005001,08031005001,1845,165,88,9,0,185,80,12,4,153100,899,1000,52069,96,47,43,38,32,74,62,37,47,154,173,145,31,0,21,0
377,6898,4521,3525,1434,2091,08,031,005002,08031005002,4897,685,296,93,26,653,358,64,43,148600,683,3523,40509,280,197,228,289,211,277,239,269,200,349,263,339,133,119,38,92
378,3498,2847,1578,1212,366,08,031,005102,08031005102,2543,433,109,53,15,334,146,44,15,162700,718,1581,48321,45,66,63,107,99,93,103,129,109,136,210,270,53,34,48,16
379,3695,1821,1776,167,1609,08,031,005103,08031005103,2261,212,53,14,0,183,77,35,8,160300,631,1765,30760,210,125,117,157,237,183,168,78,91,139,145,58,26,15,11,5
380,3180,2028,1622,335,1287,08,031,005104,08031005104,2366,255,110,21,26,226,88,41,23,163700,646,1622,31397,234,119,131,161,128,97,117,93,61,114,142,133,26,44,7,15
381,3202,2727,1347,1176,171,08,031,005200,08031005200,2363,428,162,32,16,440,141,62,10,177500,1013,1274,65122,23,42,36,45,30,64,65,53,82,144,170,207,150,53,69,41
382,1353,1147,627,309,318,08,031,005300,08031005300,1149,124,36,56,6,143,81,15,7,167400,681,691,39489,62,26,47,37,69,57,52,70,21,42,88,71,32,0,6,11
383,5854,1706,1847,843,1004,08,031,005400,08031005400,3336,91,15,0,0,82,23,13,0,118900,558,1849,34907,187,130,162,179,128,141,117,209,123,164,126,116,16,24,7,20
384,1953,1322,584,340,244,08,031,005502,08031005502,1405,210,54,15,18,194,35,6,0,195300,852,595,53413,55,10,12,23,52,20,37,30,21,86,89,69,66,13,7,5
385,4858,3474,1791,1547,244,08,031,005503,08031005503,3288,325,90,22,14,322,85,0,14,169800,716,1778,51932,70,50,54,83,132,136,93,121,82,213,174,329,128,77,19,17
386,1178,1006,706,21,685,08,031,006701,08031006701,1028,261,61,29,8,205,25,7,21,350000,1108,747,51122,28,15,17,36,43,76,51,27,63,80,100,105,44,32,10,20
387,1766,1526,955,591,364,08,031,006804,08031006804,1453,257,139,23,35,190,74,40,7,242300,1170,939,65518,16,44,25,0,33,73,31,63,25,110,181,138,37,41,51,71
388,6628,5303,3351,2014,1337,08,031,006809,08031006809,4867,776,271,150,66,876,323,63,15,195900,767,3360,50043,184,226,109,169,251,223,210,169,137,304,395,373,232,82,146,150
389,5184,4055,2583,1607,976,08,031,006810,08031006810,3814,571,189,128,24,554,223,77,17,142500,773,2584,47138,104,101,68,198,187,153,219,203,105,336,275,311,173,87,42,22
390,6351,4707,3322,1605,1717,08,031,006811,08031006811,4794,737,275,165,72,705,252,37,51,216300,690,3318,46206,137,105,181,259,181,264,292,185,140,276,292,506,169,106,125,100
391,3184,2802,1791,1562,229,08,031,006812,08031006812,2619,315,123,87,44,450,203,53,15,138700,807,1763,39149,90,87,140,134,160,143,151,105,113,111,104,147,104,85,54,35
392,3606,2648,2240,692,1548,08,031,006813,08031006813,2813,447,173,34,15,452,139,42,28,98800,820,2242,38851,222,67,155,83,163,236,229,183,96,249,238,173,88,12,17,31
393,5607,3525,2509,1107,1402,08,031,006814,08031006814,3642,442,180,47,12,430,188,25,21,193000,758,2499,41887,137,110,207,167,174,185,188,189,68,244,238,257,204,24,107,0
394,5815,3593,2840,905,1935,08,031,006901,08031006901,4192,462,166,37,42,569,212,58,0,170900,634,2833,34155,257,121,210,310,310,246,212,201,84,208,241,184,127,31,49,42
395,3393,2150,2051,10,2041,08,031,007006,08031007006,2144,329,154,0,0,292,42,10,0,0,664,2106,30975,189,191,144,211,279,167,191,63,86,146,175,187,35,29,6,7
396,3341,2744,1967,1563,404,08,031,007013,08031007013,2880,372,185,94,28,700,258,87,7,143500,931,1966,56512,44,50,13,28,90,177,148,115,144,220,348,259,137,108,58,27
397,3931,1238,1539,442,1097,08,031,007037,08031007037,2243,234,54,0,9,169,47,16,4,186600,595,1551,32553,80,142,112,203,152,156,125,67,94,85,110,85,52,35,27,26
398,4629,3206,2685,946,1739,08,031,007088,08031007088,3736,644,286,107,28,678,155,81,30,110300,1007,2692,49352,173,65,76,138,238,189,191,166,124,235,287,327,198,88,102,95
399,4012,3517,2969,2248,721,08,031,007089,08031007089,3842,263,76,36,0,400,107,7,10,88200,626,2926,27141,341,358,358,269,302,201,268,206,141,147,166,106,29,6,20,8
400,8822,3932,3109,2429,680,08,031,008303,08031008303,5262,594,175,15,21,543,112,7,11,162400,979,3107,59571,54,43,24,162,103,192,173,200,186,428,598,475,278,144,29,18
401,3470,421,902,710,192,08,031,008304,08031008304,1894,64,17,5,0,96,0,4,4,127100,947,896,40652,45,74,39,63,59,71,91,33,37,77,77,165,17,18,26,4
402,3982,608,964,720,244,08,031,008305,08031008305,2078,47,9,0,0,70,7,4,5,126400,962,968,42818,67,46,54,40,89,63,91,82,76,121,92,86,20,13,16,12
403,5762,436,1764,941,823,08,031,008306,08031008306,3163,149,64,26,9,139,43,26,0,148000,599,1770,37548,120,119,116,183,122,152,124,89,108,154,196,161,76,0,35,15
404,8637,1303,2485,2201,284,08,031,008311,08031008311,4565,183,57,26,0,165,50,42,0,143500,874,2492,52042,95,118,35,86,183,131,154,201,145,460,419,286,109,17,26,27
405,6063,761,1857,1265,592,08,031,008312,08031008312,3137,153,53,6,0,159,79,28,0,138600,580,1859,41776,120,67,75,178,128,167,127,139,106,144,267,189,85,44,11,12
406,4,2,2,1,1,08,031,008313,08031008313,4,0,0,3,0,0,0,0,0,75000,0,1,31250,0,0,0,0,0,1,0,0,0,0,0,0,0,0,0,0
407,1074,683,512,349,163,08,031,010601,08031010601,807,40,22,0,9,34,19,15,0,170800,289,519,39375,83,29,20,39,11,23,59,26,33,33,66,71,26,0,0,0
408,5434,3901,2449,1458,991,08,031,011902,08031011902,3683,449,148,29,23,403,93,56,23,173600,712,2452,45654,120,124,91,231,210,147,106,169,150,330,227,309,174,49,5,10
409,2194,1483,906,703,203,08,031,011903,08031011903,1622,143,75,4,7,96,71,15,21,176000,860,918,54138,19,11,45,57,40,47,56,66,59,152,106,108,104,23,25,0
410,1958,1541,904,728,176,08,031,012001,08031012001,1414,213,87,42,5,145,79,29,5,227100,585,894,56071,56,35,23,59,83,56,31,36,33,67,76,126,64,31,14,104
411,4958,4228,2439,1415,1024,08,031,012010,08031012010,3616,550,108,54,30,583,138,63,0,218100,896,2444,57787,69,92,63,103,88,132,133,203,119,297,295,353,230,71,121,75
412,4859,3722,2008,1555,453,08,031,012014,08031012014,3148,352,73,20,0,393,69,29,0,148600,820,2010,57705,54,106,42,123,145,53,132,116,92,209,355,366,131,57,23,6
413,5036,4667,1695,1641,54,08,035,013901,08035013901,3337,479,166,44,44,514,140,48,11,283100,844,1700,85371,32,28,57,9,23,67,38,40,49,123,236,321,219,143,182,133
414,2542,2292,952,714,238,08,035,013904,08035013904,1462,130,43,0,8,172,37,0,0,140200,951,929,51092,19,37,45,42,39,68,60,65,55,123,116,174,46,8,32,0
415,3341,3006,1120,898,222,08,035,013905,08035013905,2196,338,203,38,6,342,82,17,17,213300,1058,1149,79420,35,30,28,11,22,43,16,38,52,95,133,297,227,58,54,10
416,5943,5424,2001,1945,56,08,035,013906,08035013906,3860,766,190,71,17,735,168,39,8,223800,1375,2002,82007,27,20,7,0,35,28,65,97,76,154,357,419,281,182,148,106
417,3760,3439,1301,1104,197,08,035,013907,08035013907,2288,468,108,55,13,326,72,25,8,190300,1064,1298,70962,13,14,40,40,8,43,28,69,89,154,205,262,163,106,41,23
418,6588,6226,2191,2118,73,08,035,013908,08035013908,4325,910,359,86,51,598,288,40,22,283200,1434,2215,101783,13,0,15,7,9,22,64,57,33,122,267,461,393,202,303,247
419,3502,3301,1173,1118,55,08,035,013909,08035013909,2305,434,187,7,15,342,96,7,14,356600,871,1171,102848,0,29,19,25,7,30,25,18,61,92,63,196,145,185,134,142
420,4220,3725,1503,1348,155,08,035,014001,08035014001,2595,390,65,9,0,411,105,6,0,157700,1169,1497,60056,37,18,13,41,38,49,131,80,121,219,273,265,120,39,34,19
421,8417,7529,2674,2509,165,08,035,014002,08035014002,5031,1094,334,76,19,929,219,43,23,254900,1430,2685,91581,40,33,48,22,64,31,40,63,80,123,426,568,423,300,173,251
422,5648,5003,1749,1690,59,08,035,014003,08035014003,3385,678,196,42,10,551,118,17,0,212300,1359,1768,85066,12,7,20,8,0,29,27,25,43,223,310,493,250,159,88,74
423,1627,1524,533,483,50,08,035,014004,08035014004,1121,160,72,23,9,141,31,0,0,381900,1250,517,85384,24,0,0,7,9,24,17,15,7,41,96,94,39,43,39,62
424,7859,6877,2669,2287,382,08,035,014106,08035014106,4926,1075,322,52,5,867,224,88,14,226000,970,2686,81624,14,8,45,30,55,69,93,84,163,182,368,676,454,204,165,76
425,4060,3659,1320,1257,63,08,035,014107,08035014107,2507,486,258,59,20,458,166,0,10,221600,1614,1314,98930,10,19,12,0,23,23,39,35,17,95,119,281,254,166,101,120
426,5283,4783,1791,1655,136,08,035,014108,08035014108,3350,602,269,85,20,683,164,27,14,208900,1407,1797,85365,6,0,6,15,31,34,40,96,79,112,284,405,225,209,144,111
427,1793,1629,514,500,14,08,035,014109,08035014109,993,209,110,43,8,251,86,0,7,271700,0,512,108818,0,0,7,7,11,0,0,17,7,9,49,111,90,30,133,41
428,5233,4464,2083,1364,719,08,035,014110,08035014110,3328,658,232,57,52,710,155,18,8,246900,966,2084,74792,37,99,29,59,51,101,75,131,110,139,215,349,200,161,135,193
429,4946,4163,1977,1351,626,08,035,014111,08035014111,3416,854,202,64,35,598,246,35,12,258500,1123,1979,76183,26,26,49,28,90,63,33,98,46,150,350,387,262,185,102,84
430,4210,3745,1503,1354,149,08,035,014112,08035014112,2675,514,219,62,27,437,228,9,29,215000,1677,1504,87161,23,13,17,38,33,36,41,44,6,86,191,442,223,137,86,88
431,3046,2584,988,929,59,08,035,014113,08035014113,1863,359,206,20,25,382,103,7,12,225100,1841,966,94826,11,0,8,4,22,13,17,18,0,35,141,265,161,142,92,37
432,3678,3297,1328,960,368,08,035,014114,08035014114,2388,423,144,8,8,300,58,19,7,168400,1099,1339,65525,9,32,20,39,37,47,93,93,49,137,279,304,122,26,15,37
433,4328,3880,1600,1362,238,08,035,014115,08035014115,2909,622,324,110,27,638,191,14,0,289400,1088,1593,98681,15,9,24,36,33,42,35,51,40,132,112,279,223,134,180,248
434,658,577,235,229,6,08,035,014116,08035014116,424,66,35,0,24,80,32,7,0,503700,2001,235,110186,9,0,0,8,0,8,0,0,8,16,17,37,31,17,24,60
435,7539,6776,2450,2401,49,08,035,014117,08035014117,4821,1033,449,96,12,989,260,88,16,306300,1500,2446,106680,46,20,16,39,59,44,49,52,38,105,204,370,532,295,234,343
436,9152,7690,3298,2881,417,08,035,014118,08035014118,6061,1410,327,104,36,1396,249,34,0,220200,1302,3294,80839,36,30,6,79,90,46,65,122,121,291,552,793,460,199,257,147
437,9489,8481,3100,2775,325,08,035,014119,08035014119,5749,1187,619,102,65,1259,343,86,37,251100,1117,3109,93251,45,23,17,24,25,56,90,91,75,229,447,583,472,310,286,336
438,6371,5538,2362,2280,82,08,035,014120,08035014120,4249,945,259,51,14,957,188,47,0,225900,1663,2362,83761,14,0,23,42,21,59,93,80,46,185,402,519,430,213,184,51
439,6762,5945,2164,2024,140,08,035,014121,08035014121,4156,863,345,31,30,719,261,9,33,249700,1353,2161,88517,29,26,18,8,16,51,98,72,50,127,257,555,386,215,205,48
440,3579,3358,1250,1236,14,08,035,014122,08035014122,2465,561,268,106,45,546,135,17,27,413600,2001,1242,150436,0,0,0,12,0,0,10,9,0,24,85,198,176,104,213,411
441,1868,1631,726,271,455,08,035,014123,08035014123,1127,138,58,43,31,191,38,16,0,577800,847,735,57917,25,0,13,37,128,54,29,27,4,73,63,55,77,9,22,119
442,4853,4416,1741,1663,78,08,035,014201,08035014201,3281,392,275,14,50,470,167,24,45,199100,1264,1747,77023,48,22,22,11,45,10,47,59,82,175,316,380,215,70,133,112
443,1764,1668,648,598,50,08,035,014202,08035014202,1200,223,60,20,13,174,46,0,9,311500,738,644,74595,46,43,17,0,6,18,0,22,18,52,106,130,58,42,55,31
444,719,680,300,257,43,08,035,014300,08035014300,585,59,0,0,0,53,0,12,0,219300,683,331,40156,44,31,32,32,13,0,13,8,0,17,24,37,53,10,8,9
445,4806,4362,1530,1475,55,08,035,014401,08035014401,2931,590,186,47,6,503,126,25,6,217900,1342,1527,85562,0,19,4,5,8,28,36,33,85,122,276,370,273,128,59,81
446,5075,4811,1853,1742,111,08,035,014402,08035014402,3567,718,242,29,27,407,146,42,17,321700,738,1864,84251,61,30,30,29,26,72,52,46,65,158,170,363,196,252,162,152
447,2995,2773,1244,994,250,08,035,014502,08035014502,2159,390,181,42,12,322,113,16,0,270400,776,1252,71618,22,28,0,34,67,41,86,70,48,122,128,168,191,68,71,108
448,2694,2473,1078,652,426,08,035,014503,08035014503,1731,203,75,21,0,270,54,6,0,186600,739,1094,58625,38,43,60,46,58,51,30,22,69,152,124,178,127,37,59,0
449,4956,4413,1836,1198,638,08,035,014504,08035014504,3136,349,37,35,14,354,83,20,7,163800,681,1822,52852,95,99,55,94,131,112,39,125,77,230,241,265,101,72,51,35
450,5412,4947,1722,1597,125,08,035,014601,08035014601,3159,409,157,17,11,418,101,18,11,173800,1438,1752,71750,14,14,6,32,37,55,75,75,26,255,383,386,249,68,16,61
451,2014,1930,722,672,50,08,035,014602,08035014602,1375,224,89,41,0,192,42,8,0,499600,980,707,81271,27,7,31,23,22,32,21,28,6,39,85,79,74,39,140,54
452,4757,4377,2043,1602,441,08,047,013800,08047013800,3501,361,141,35,23,375,123,14,20,187600,842,2057,51942,76,92,101,111,80,87,171,131,129,275,246,301,135,46,59,17
453,7003,6372,2509,2356,153,08,059,009805,08059009805,4737,554,281,109,59,612,228,76,57,243500,979,2514,78775,41,27,47,66,76,111,67,88,110,229,312,583,325,149,161,122
454,3617,3411,1398,1324,74,08,059,009806,08059009806,2641,437,155,79,29,472,97,59,12,252900,677,1427,80460,32,18,22,38,41,40,84,20,37,137,191,264,158,89,84,172
455,1743,1577,784,549,235,08,059,009807,08059009807,1190,124,85,15,18,135,73,4,5,210100,562,760,55000,60,61,36,42,45,31,48,29,7,60,106,122,70,18,19,6
456,5727,5204,2365,1688,677,08,059,009808,08059009808,3974,720,293,38,124,659,224,26,39,249500,581,2365,72109,130,59,90,89,98,117,66,96,40,165,267,390,254,138,213,153
457,4797,4298,1727,1619,108,08,059,009815,08059009815,3219,495,194,61,43,472,145,20,0,230000,1274,1727,80703,17,34,51,32,21,66,87,55,52,109,263,419,286,121,80,34
458,2261,1931,926,356,570,08,059,009822,08059009822,1412,234,158,18,9,241,66,14,0,279500,846,911,56068,20,13,0,33,43,37,84,71,64,150,112,123,95,14,15,37
459,5087,4405,1700,1540,160,08,059,009823,08059009823,3127,458,111,0,7,346,161,10,9,167200,1269,1701,63272,24,0,7,61,23,29,83,93,117,238,433,281,226,57,18,11
460,4813,4134,1611,1414,197,08,059,009824,08059009824,2907,361,116,18,32,355,70,10,16,169500,1070,1606,64826,6,47,39,25,19,59,24,121,97,300,219,300,261,42,27,20
461,4156,3250,1297,1141,156,08,059,009825,08059009825,2434,280,42,14,0,239,40,8,9,180200,1035,1292,70833,10,20,0,57,21,25,46,74,52,140,336,319,93,29,55,15
462,6392,5165,2098,1899,199,08,059,009826,08059009826,3930,584,191,46,40,516,124,24,17,176600,1174,2104,73045,21,18,16,26,65,56,64,82,138,255,397,502,312,76,63,13
463,5813,4608,1993,1607,386,08,059,009827,08059009827,3620,466,112,11,26,514,148,15,0,201000,986,1994,65966,36,13,7,61,83,77,81,92,132,275,292,454,182,85,88,36
464,5397,4674,2021,1733,288,08,059,009828,08059009828,3646,387,157,33,0,405,163,50,11,175600,1181,2023,62518,24,47,68,79,53,70,84,99,128,316,335,386,199,69,50,16
465,2048,1724,663,626,37,08,059,009829,08059009829,1226,177,67,22,15,160,65,17,8,184900,1331,646,75996,0,0,0,11,17,16,28,43,25,85,85,170,71,63,32,0
466,2199,1917,1014,824,190,08,059,009830,08059009830,1517,152,98,0,6,197,58,0,0,129100,979,1103,50399,35,20,58,28,77,78,66,87,91,155,174,185,41,8,0,0
467,2202,1727,1217,12,1205,08,059,009831,08059009831,1419,299,85,28,0,173,58,13,0,212500,933,1143,49814,48,28,12,68,88,107,41,97,86,143,197,139,51,0,38,0
468,2671,2210,974,835,139,08,059,009832,08059009832,1766,154,48,11,0,91,36,6,0,148700,973,1023,54207,18,24,46,46,27,65,60,90,39,208,165,124,40,45,20,6
469,5611,4680,2355,1685,670,08,059,009833,08059009833,3675,482,159,14,23,485,123,24,0,175600,766,2311,54426,62,94,61,90,118,188,149,168,139,184,325,413,178,71,50,21
470,4626,3885,2034,1600,434,08,059,009834,08059009834,3166,384,70,0,10,304,68,21,0,136200,907,2045,52566,27,60,51,132,139,177,112,126,124,283,335,310,78,22,48,21
471,3923,3597,1417,1343,74,08,059,009835,08059009835,2629,494,179,36,8,326,191,11,10,209400,1190,1421,83678,20,19,31,0,7,27,53,45,34,115,231,374,169,178,115,3
472,3450,3127,1161,1102,59,08,059,009836,08059009836,2195,349,102,16,0,263,55,17,0,212600,963,1164,76760,30,68,20,0,14,11,41,93,48,53,184,274,135,101,61,31
473,1837,1731,588,561,27,08,059,009837,08059009837,1192,210,70,17,36,84,74,11,11,351500,850,616,97277,17,30,0,0,7,7,8,16,29,40,53,111,95,80,64,59
474,3970,3621,1350,1304,46,08,059,009838,08059009838,2610,439,187,28,31,422,122,33,9,323800,1330,1316,92070,16,23,5,9,23,23,7,23,46,111,191,236,240,116,182,65
475,2730,2461,836,813,23,08,059,009839,08059009839,1708,172,101,21,30,196,130,15,0,208700,1484,892,80698,6,0,10,0,0,21,39,41,33,93,116,279,100,73,47,34
476,3809,3470,1448,1164,284,08,059,009840,08059009840,2570,369,130,9,6,339,80,20,10,174500,1452,1445,63368,60,15,55,28,54,75,82,60,82,171,236,335,102,24,66,0
477,2309,2111,828,764,64,08,059,009841,08059009841,1589,149,47,0,36,187,60,28,0,175000,990,835,63836,26,6,10,0,27,16,33,83,40,124,162,114,143,34,17,0
478,1108,1018,396,367,29,08,059,009842,08059009842,675,32,61,5,12,61,46,0,0,275900,1125,336,87271,0,12,15,11,0,0,0,0,21,0,59,104,52,0,24,38
479,5303,4881,2162,1709,453,08,059,009843,08059009843,3703,490,154,72,58,518,140,21,21,190200,835,2160,63974,50,22,81,163,83,97,97,139,128,157,299,368,248,106,71,51
480,7504,6834,3132,2530,602,08,059,009844,08059009844,5128,728,306,168,165,792,362,74,68,212900,673,3135,57535,226,165,89,153,112,159,203,122,164,210,278,438,223,162,234,197
481,4097,3855,1683,1569,114,08,059,009845,08059009845,3096,667,328,170,92,566,362,68,16,395900,1313,1688,121958,30,22,23,33,14,29,33,16,30,82,74,216,268,119,201,498
482,4129,3962,1502,1321,181,08,059,009846,08059009846,2817,585,234,102,76,515,258,104,18,369800,1165,1506,94480,37,10,25,31,36,72,45,6,23,107,186,215,240,73,126,274
483,3177,3047,1244,1057,187,08,059,009847,08059009847,2243,461,203,83,38,509,168,45,19,316700,1063,1256,86194,25,35,32,45,14,35,47,24,59,90,111,238,148,104,119,130
484,2582,2499,1029,842,187,08,059,009848,08059009848,1840,327,156,65,29,254,69,72,43,428300,438,1024,82955,96,48,40,17,29,45,23,41,20,9,107,83,93,41,164,168
485,2494,2232,1120,591,529,08,059,009900,08059009900,1656,255,122,42,47,192,117,0,19,182400,642,1119,49406,55,67,81,88,54,71,36,49,68,114,107,154,62,34,54,25
486,3822,2971,1165,402,763,08,059,010000,08059010000,1867,239,123,38,51,198,170,6,5,189500,666,1164,32500,164,64,110,64,148,44,82,46,38,92,141,92,24,9,20,26
487,4037,3498,1759,933,826,08,059,010100,08059010100,2758,192,33,13,30,170,29,7,0,118000,843,1754,40872,107,84,101,146,110,167,132,116,127,189,180,99,70,55,71,0
488,2420,2257,852,831,21,08,059,010205,08059010205,1710,235,91,17,20,223,106,0,4,233800,1099,878,84067,38,6,16,39,39,34,4,18,35,39,113,165,141,102,54,35
489,4574,3997,1665,1326,339,08,059,010206,08059010206,2941,367,106,12,10,249,137,6,15,183500,858,1670,60556,27,33,81,79,79,72,105,93,68,192,166,297,169,131,25,53
490,5855,4760,2073,1814,259,08,059,010208,08059010208,3805,297,59,8,31,348,124,4,0,155600,821,2078,58507,45,48,102,64,66,143,74,154,132,254,397,392,108,73,26,0
491,6616,5183,2468,1865,603,08,059,010209,08059010209,4111,383,98,10,16,279,71,9,0,153500,802,2462,50876,41,62,124,117,124,189,193,155,185,312,356,383,168,37,8,8
492,3696,3270,1379,1108,271,08,059,010210,08059010210,2491,264,68,39,8,224,86,7,7,205900,746,1347,59522,55,60,38,64,60,33,108,122,42,98,181,214,142,52,25,53
493,3171,2760,1440,733,707,08,059,010211,08059010211,2401,166,45,7,0,188,38,0,19,188800,531,1495,34879,294,97,119,104,53,82,82,56,52,113,135,147,51,54,40,16
494,4836,3990,1747,1164,583,08,059,010212,08059010212,3035,233,80,18,0,260,49,7,0,154500,734,1744,51044,71,50,58,88,100,127,149,118,73,288,251,210,115,24,0,22
495,4727,3679,1760,1385,375,08,059,010213,08059010213,3174,244,71,20,6,237,61,0,0,149500,661,1762,52164,54,46,79,86,101,109,111,161,76,280,248,222,115,45,29,0
496,5380,4813,2093,1568,525,08,059,010303,08059010303,3627,473,150,32,11,370,125,24,24,188600,721,2091,57712,54,71,87,78,136,74,103,178,70,254,304,375,168,92,39,8
497,2957,2644,1150,884,266,08,059,010304,08059010304,1985,185,41,7,7,121,60,7,6,155000,1270,1113,50352,63,51,34,35,58,60,59,102,90,153,132,169,65,24,18,0
498,4003,3249,1626,984,642,08,059,010305,08059010305,2540,154,42,20,7,141,58,20,0,141300,602,1631,40027,115,76,122,98,168,143,93,82,161,204,196,111,32,19,6,5
499,2750,2441,1064,791,273,08,059,010306,08059010306,1900,166,54,18,8,152,36,15,0,168600,691,1060,50380,57,60,34,59,81,49,86,46,51,143,113,150,54,29,13,35
500,4823,4094,2059,935,1124,08,059,010307,08059010307,3169,299,14,45,7,264,55,0,24,156600,628,2060,37780,169,186,80,116,177,205,216,93,105,222,233,130,61,27,32,8
501,3991,3547,1588,1298,290,08,059,010308,08059010308,2825,183,105,59,0,232,72,20,0,149600,778,1587,52775,46,27,57,105,67,100,96,99,141,231,271,151,73,54,46,23
502,5601,4467,2437,981,1456,08,059,010402,08059010402,3668,189,22,0,0,386,7,23,0,133700,639,2447,28701,408,193,159,197,346,193,146,101,120,197,126,165,61,29,0,6
503,5707,4492,2503,890,1613,08,059,010403,08059010403,3558,230,26,24,32,201,70,6,0,141100,666,2507,35554,232,94,176,171,282,273,185,104,146,289,255,217,50,26,7,0
504,1977,1370,956,56,900,08,059,010405,08059010405,1124,74,12,0,0,26,19,5,0,109400,605,982,27279,109,87,86,147,100,94,56,75,87,60,55,13,8,0,5,0
505,2192,1665,1007,759,248,08,059,010406,08059010406,1463,45,0,16,0,47,20,0,0,94000,570,991,36620,28,72,97,141,75,65,92,92,53,101,89,50,17,19,0,0
506,5356,4608,2347,1606,741,08,059,010502,08059010502,3947,439,171,40,22,532,188,9,7,184300,715,2358,43714,161,107,146,121,180,167,206,109,119,199,339,224,153,59,33,35
507,4884,4256,2020,1290,730,08,059,010503,08059010503,3468,414,131,54,7,351,174,47,7,224600,669,2030,46850,49,103,118,123,161,130,155,139,110,159,268,173,152,79,67,44
508,2968,2765,1211,1129,82,08,059,010504,08059010504,2269,320,179,100,54,341,163,45,7,247100,888,1212,69625,54,31,59,37,39,33,40,24,97,107,137,196,183,35,85,55
509,3544,2858,1610,951,659,08,059,010603,08059010603,2678,159,72,13,7,239,64,3,0,139400,579,1617,41016,141,110,96,95,126,144,64,114,97,217,178,161,43,11,18,2
510,2482,2017,1092,678,414,08,059,010604,08059010604,1765,97,75,0,0,154,34,11,0,158800,681,1082,41037,79,52,64,81,75,70,103,60,57,136,106,104,52,34,0,9
511,4182,3514,2055,1039,1016,08,059,010701,08059010701,3215,162,47,44,24,318,108,16,0,164500,627,2059,37375,159,189,156,168,172,119,123,124,82,194,236,193,74,9,48,13
512,5423,3435,2367,963,1404,08,059,010702,08059010702,3561,118,35,33,0,158,101,9,10,140700,608,2360,35218,208,63,192,214,209,279,248,222,154,146,173,160,51,32,0,9
513,2553,2301,1069,913,156,08,059,010801,08059010801,1829,280,91,25,56,229,188,22,11,222100,646,1072,62857,39,34,48,33,45,60,64,65,15,94,167,159,76,60,65,48
514,2476,2043,1310,513,797,08,059,010803,08059010803,1786,190,32,22,11,167,49,16,6,126200,842,1289,41894,40,53,82,70,98,120,108,154,47,177,199,80,19,15,6,21
515,1111,985,440,341,99,08,059,010804,08059010804,869,88,39,53,9,81,42,23,0,245600,644,463,57260,22,15,11,10,40,39,21,8,25,57,16,55,22,60,37,25
516,5049,4257,2042,1322,720,08,059,010901,08059010901,3400,255,118,11,35,353,56,40,21,168300,614,2043,45461,123,139,99,167,111,160,129,83,122,261,194,208,131,48,44,24
517,2611,2121,1183,367,816,08,059,010902,08059010902,1828,132,32,7,5,98,22,9,7,148500,602,1190,37455,110,85,69,104,61,112,109,101,97,74,125,84,18,24,9,8
518,5821,4805,2393,1315,1078,08,059,011000,08059011000,4049,422,113,8,22,352,187,38,8,178200,703,2403,43848,119,167,145,147,154,162,197,140,137,247,287,284,132,21,31,33
519,6454,4866,2766,1223,1543,08,059,011100,08059011100,4325,338,180,42,26,377,109,36,12,178200,633,2770,40271,205,134,146,218,266,213,186,232,159,208,335,270,82,50,42,24
520,0,0,0,0,0,08,059,011201,08059011201,0,0,0,0,0,0,0,0,0,0,0,0,0,0,0,0,0,0,0,0,0,0,0,0,0,0,0,0,0
521,4657,4058,1749,1430,319,08,059,011202,08059011202,3032,434,46,46,54,376,159,33,0,170200,761,1755,57303,99,77,40,72,67,131,71,80,92,218,287,261,140,30,35,55
522,3325,2353,1471,972,499,08,059,011300,08059011300,2324,118,31,20,3,187,44,6,0,134000,659,1475,38622,113,99,104,80,153,113,97,125,105,123,199,120,17,12,10,5
523,7090,3970,2919,979,1940,08,059,011400,08059011400,4458,329,69,47,7,237,85,6,6,115300,622,2927,31271,243,224,285,337,284,335,218,225,125,307,167,109,27,15,11,15
524,6366,4110,2945,1042,1903,08,059,011550,08059011550,4271,260,70,43,25,258,106,0,11,158200,616,2945,34527,380,210,216,261,188,244,259,152,159,191,222,232,83,59,36,53
525,4132,2445,1393,741,652,08,059,011601,08059011601,2597,161,71,24,14,234,71,9,0,158000,682,1401,45574,119,62,100,88,93,62,70,98,69,168,182,168,48,30,30,14
526,3900,2412,1533,943,590,08,059,011602,08059011602,2607,113,42,19,12,188,58,0,14,151600,691,1528,40580,99,82,64,115,177,122,92,117,58,163,177,136,52,40,13,21
527,4515,3774,1928,1501,427,08,059,011701,08059011701,3290,303,182,10,15,305,125,15,8,166300,953,1944,46797,32,134,90,86,135,215,98,159,80,156,225,306,130,48,25,25
528,5551,4581,2183,1832,351,08,059,011702,08059011702,4081,350,133,42,29,365,144,42,16,157600,1021,2173,52490,59,47,37,151,69,155,129,182,134,288,360,294,172,40,47,9
529,4450,3853,1656,1444,212,08,059,011708,08059011708,3142,346,105,21,30,287,109,15,0,164400,961,1651,58149,55,76,29,45,68,87,83,67,121,233,319,316,112,16,3,21
530,3650,3045,1571,1003,568,08,059,011709,08059011709,2450,336,91,40,10,259,102,17,0,168100,739,1579,51193,41,40,65,87,80,110,142,133,81,142,260,205,84,40,54,15
531,4201,3559,1875,1133,742,08,059,011710,08059011710,2922,404,148,28,36,276,160,25,4,175100,732,1877,48005,70,98,64,110,121,135,145,124,113,180,209,259,138,71,35,5
532,4394,3705,1852,1215,637,08,059,011711,08059011711,2976,341,137,26,47,295,87,17,0,174500,727,1856,48125,92,40,126,110,63,126,162,132,116,139,319,302,65,39,17,8
533,4060,3720,1587,1468,119,08,059,011712,08059011712,2962,522,139,54,34,347,145,23,0,187600,1230,1592,67108,10,17,45,58,62,76,61,103,44,220,223,380,113,92,56,32
534,5361,4622,1981,1729,252,08,059,011720,08059011720,3642,655,249,95,64,453,262,59,25,240500,842,1983,87320,20,42,44,0,44,69,55,58,105,125,249,372,246,267,167,120
535,2825,2531,1220,856,364,08,059,011721,08059011721,2080,353,169,41,44,400,88,0,16,255200,677,1231,67630,23,19,26,54,75,86,44,55,69,74,163,169,140,79,89,66
536,6229,5192,3234,1124,2110,08,059,011722,08059011722,4005,561,221,72,38,641,195,18,18,117300,860,3243,47034,115,61,109,236,233,211,283,249,263,583,405,306,144,10,27,8
537,3165,2646,1591,624,967,08,059,011723,08059011723,2127,270,113,16,32,175,111,20,0,143200,760,1610,37813,119,131,58,80,180,161,97,148,92,160,162,141,29,23,12,17
538,3890,3424,1248,1215,33,08,059,011724,08059011724,2412,407,195,76,70,445,161,39,20,251600,1554,1258,93638,0,7,12,20,0,10,36,33,28,79,202,303,195,189,95,49
539,2001,1789,695,628,67,08,059,011725,08059011725,1288,232,64,23,9,181,29,12,0,192800,1379,690,71705,9,6,0,33,7,20,30,49,5,106,96,175,78,44,22,10
540,5683,4993,2022,1909,113,08,059,011726,08059011726,3788,726,332,143,73,650,329,65,8,241100,937,2018,95441,16,15,19,28,55,31,68,44,62,147,214,381,280,133,237,288
541,3859,3453,1466,1351,115,08,059,011727,08059011727,2818,253,185,73,23,319,69,18,7,194800,975,1449,68680,15,44,38,37,78,75,41,60,95,112,267,252,122,106,67,40
542,2661,2296,1094,958,136,08,059,011728,08059011728,1912,276,110,40,25,310,124,6,8,205900,795,1104,63676,23,22,48,26,75,69,53,57,51,90,121,230,143,40,31,25
543,3787,3200,2018,899,1119,08,059,011729,08059011729,2828,266,74,39,8,424,93,64,26,130500,905,2024,46944,43,58,107,39,134,198,209,154,171,247,325,205,61,36,14,23
544,3845,3070,1688,990,698,08,059,011730,08059011730,2311,229,111,0,9,221,41,0,0,121400,690,1687,40638,85,98,50,110,121,214,140,175,117,213,90,183,75,16,0,0
545,3914,3366,1893,742,1151,08,059,011731,08059011731,2691,553,128,75,14,504,148,0,0,181400,938,1892,48704,53,21,44,73,137,153,152,173,168,233,286,166,129,54,35,15
546,7725,5439,3585,1473,2112,08,059,011801,08059011801,4968,429,185,22,0,428,119,11,0,136900,800,3538,40521,276,231,252,204,281,263,218,402,134,358,360,376,111,36,28,8
547,5060,3489,1938,1423,515,08,059,011803,08059011803,3313,130,57,24,15,228,45,65,12,145700,622,1947,46315,30,39,94,151,140,170,107,212,138,182,231,291,87,30,27,18
548,3657,2697,1371,1165,206,08,059,011804,08059011804,2563,200,74,29,6,248,45,16,5,160800,718,1374,52700,75,56,59,54,94,81,65,64,95,215,230,146,91,24,11,14
549,2080,1679,937,705,232,08,059,011904,08059011904,1445,184,20,22,5,146,57,29,7,107300,773,996,39549,59,37,57,52,95,117,92,53,59,139,82,59,47,9,15,24
550,3026,2229,1309,1063,246,08,059,011951,08059011951,2089,261,137,33,46,274,153,15,15,224200,813,1314,61625,24,25,38,46,56,84,85,94,79,113,125,221,149,72,51,52
551,2953,1783,847,187,660,08,059,012003,08059012003,1959,156,115,18,15,130,37,12,0,369900,910,850,51603,31,35,28,64,67,52,47,43,33,112,121,82,23,16,37,59
552,5142,4720,1793,1666,127,08,059,012022,08059012022,3209,690,178,25,7,648,184,5,0,220400,1083,1804,78896,27,27,30,25,107,54,40,85,75,90,293,362,299,159,84,47
553,3165,2755,1056,979,77,08,059,012023,08059012023,1986,248,88,18,5,273,93,19,5,189800,1055,1055,68441,5,16,0,40,54,50,23,44,69,110,257,201,74,51,47,14
554,4655,4323,1568,1472,96,08,059,012024,08059012024,2954,476,208,43,47,413,179,12,23,219900,1283,1560,82154,28,13,34,29,45,34,48,61,11,171,164,310,283,124,102,103
555,3459,3301,1405,1098,307,08,059,012026,08059012026,2439,455,172,36,24,330,196,19,12,261900,853,1418,68000,34,31,45,61,61,57,99,46,48,157,126,234,145,122,87,65
556,2846,2692,1095,925,170,08,059,012027,08059012027,2103,233,141,17,73,191,220,29,36,244400,740,1093,66955,29,22,34,23,48,38,48,84,60,68,171,183,81,67,76,61
557,3854,3653,1465,1187,278,08,059,012030,08059012030,2636,532,146,65,38,460,208,6,12,243500,1065,1459,75092,24,44,30,46,59,71,70,53,71,77,183,164,275,144,83,65
558,3847,3630,1399,1275,124,08,059,012031,08059012031,2617,389,164,58,32,386,110,51,38,253300,878,1392,81596,18,17,45,21,56,25,44,23,56,141,188,270,218,105,92,73
559,2477,2363,911,832,79,08,059,012032,08059012032,1718,302,97,22,62,301,82,26,0,280800,661,947,80044,24,16,39,19,36,16,6,48,13,101,150,163,81,83,75,77
560,2865,2691,1095,1002,93,08,059,012033,08059012033,2005,362,104,20,42,335,176,29,6,258000,698,1063,81721,11,0,5,0,14,6,21,33,50,83,184,254,171,67,88,76
561,3350,3190,1147,1128,19,08,059,012034,08059012034,2300,375,188,152,57,387,244,66,35,488400,0,1146,120733,25,21,0,14,6,3,40,13,28,41,109,158,134,103,124,327
562,5851,5497,1798,1761,37,08,059,012035,08059012035,3439,729,471,94,77,837,288,39,14,359100,1266,1798,127802,26,17,10,43,14,6,15,14,37,41,96,240,304,258,334,343
563,1304,1228,482,452,30,08,059,012036,08059012036,897,227,49,9,0,142,33,7,0,243700,0,474,84043,8,7,0,0,22,11,30,8,0,34,74,123,32,43,30,52
564,3437,3216,1309,1205,104,08,059,012037,08059012037,2411,421,97,27,58,388,130,9,30,229000,939,1264,76143,12,7,27,22,41,25,38,54,40,135,205,247,200,71,82,58
565,3246,2895,1134,1035,99,08,059,012038,08059012038,2146,218,82,24,0,182,32,6,8,158000,881,1200,65885,11,16,22,15,49,37,26,58,61,196,279,285,55,30,47,13
566,4934,4278,1653,1402,251,08,059,012039,08059012039,3091,363,126,26,0,395,80,12,9,165400,892,1658,70076,45,47,54,22,26,17,54,81,115,166,308,395,226,62,0,40
567,836,730,290,266,24,08,059,012040,08059012040,588,83,6,0,7,62,12,0,0,161100,881,299,69886,0,0,0,7,6,14,10,11,19,48,54,53,71,0,6,0
568,4314,3769,1551,1465,86,08,059,012041,08059012041,2860,345,95,11,19,336,120,16,0,181500,1463,1533,71295,19,7,20,18,18,45,64,84,108,178,266,393,187,47,50,29
569,3725,3188,1248,1187,61,08,059,012042,08059012042,2380,371,94,7,8,312,85,0,0,186400,1235,1251,69554,25,12,20,20,32,42,31,24,92,141,249,317,114,68,52,12
570,4886,4264,1664,1512,152,08,059,012043,08059012043,3016,510,186,35,29,429,120,19,0,203000,1187,1664,82646,0,22,7,31,18,25,20,70,89,140,272,481,264,133,80,12
571,3732,3260,1353,862,491,08,059,012044,08059012044,2215,507,118,7,0,352,86,39,0,224300,933,1357,75937,9,26,26,12,39,46,73,57,67,111,194,368,193,81,48,7
572,5215,4573,1803,1669,134,08,059,012045,08059012045,3256,604,278,50,8,427,140,29,0,193600,1131,1799,73988,20,11,23,55,20,49,55,103,111,126,352,320,274,142,80,58
573,2479,2089,841,763,78,08,059,012046,08059012046,1509,180,25,0,0,210,8,0,11,166100,1013,838,67500,8,33,20,48,26,13,27,37,44,129,88,235,83,31,8,8
574,3982,3499,1494,1257,237,08,059,012047,08059012047,2506,299,60,0,0,328,87,15,0,149900,1049,1496,62215,21,14,29,44,68,121,94,35,77,144,379,299,81,41,35,14
575,2262,2067,792,769,23,08,059,012048,08059012048,1488,279,78,30,0,228,47,0,10,212300,1163,783,80798,9,0,15,0,14,34,24,44,18,75,98,206,125,75,31,15
576,3203,2946,1065,1025,40,08,059,012049,08059012049,2082,328,189,15,6,355,126,6,0,204000,1279,1080,79678,15,0,12,0,25,40,30,21,67,139,144,247,163,82,62,33
577,2833,2467,1272,563,709,08,059,012050,08059012050,1994,386,162,62,20,373,142,12,10,384800,977,1261,69792,56,28,30,27,22,61,58,75,48,142,126,181,129,60,104,114
578,3588,3355,1258,1195,63,08,059,012051,08059012051,2487,451,152,33,22,402,122,28,7,233700,1263,1256,76403,15,24,44,27,0,46,24,62,70,137,159,224,229,98,50,47
579,5685,5078,2041,1821,220,08,059,012052,08059012052,3591,571,172,12,5,483,135,39,0,170600,1030,2031,66593,20,26,10,62,59,49,101,111,158,269,306,442,259,94,48,17
580,4052,3651,1423,1324,99,08,059,012053,08059012053,2725,397,83,8,0,327,64,27,0,181900,1262,1406,66563,0,21,34,32,41,68,66,55,46,172,335,229,157,58,76,16
581,4478,4014,1570,1290,280,08,059,012054,08059012054,2771,533,175,92,26,535,226,9,16,257300,936,1572,87519,39,30,30,23,25,23,61,57,23,131,189,310,255,163,118,95
582,3587,3277,1412,1229,183,08,059,012055,08059012055,2440,331,111,45,24,372,144,9,0,216400,818,1409,67040,30,41,28,41,25,82,52,31,65,184,254,185,158,86,134,13
583,7045,6245,2524,2070,454,08,059,012056,08059012056,4411,624,190,41,0,549,95,32,0,173800,984,2523,64411,37,48,43,37,64,114,121,205,99,302,404,590,228,114,54,63
584,4419,3933,1635,1488,147,08,059,012057,08059012057,2950,307,126,23,32,394,114,46,0,174200,814,1638,68966,17,16,30,9,50,116,127,113,77,144,202,401,237,38,29,32
585,3657,3500,1444,1287,157,08,059,012058,08059012058,2610,312,191,32,27,302,143,26,14,249400,855,1439,76353,35,18,47,49,64,28,78,49,38,141,147,357,223,43,79,43
