,pop_90,white_90,hh_90,total_25_col_9th_90,total_25_col_12th_90,total_25_col_hs_90,total_25_col_sc_90,total_25_col_ad_90,total_25_col_bd_90,total_25_col_gd_90,mhval_90,mrent_90,hinc_90,ohu_90,rhu_90,I_5000_90,I_10000_90,I_12500_90,I_15000_90,I_17500_90,I_20000_90,I_22500_90,I_25000_90,I_27500_90,I_30000_90,I_32500_90,I_35000_90,I_37500_90,I_40000_90,I_42500_90,I_45000_90,I_47500_90,I_50000_90,I_55000_90,I_60000_90,I_75000_90,I_100000_90,I_125000_90,I_150000_90,I_150001_90,state,county,tract,FIPS
78,3320.0,2522.0,1119.0,325.0,355.0,667.0,332.0,105.0,77.0,63.0,79800.0,314.0,26322.0,793.0,325.0,116.0,50.0,114.0,86.0,63.0,69.0,16.0,18.0,52.0,41.0,75.0,37.0,39.0,53.0,56.0,31.0,31.0,20.0,24.0,17.0,64.0,30.0,14.0,3.0,0.0,28,033,070100,28033070100
79,6252.0,5601.0,2070.0,581.0,740.0,1306.0,652.0,192.0,216.0,55.0,52700.0,436.0,27345.0,1881.0,221.0,126.0,162.0,126.0,73.0,115.0,121.0,110.0,111.0,97.0,76.0,97.0,47.0,84.0,64.0,93.0,71.0,31.0,46.0,118.0,41.0,181.0,32.0,36.0,0.0,12.0,28,033,070200,28033070200
80,1036.0,998.0,357.0,102.0,144.0,272.0,77.0,20.0,7.0,8.0,57500.0,555.0,28750.0,292.0,56.0,5.0,13.0,20.0,32.0,29.0,9.0,8.0,23.0,35.0,9.0,30.0,14.0,5.0,21.0,22.0,0.0,27.0,0.0,21.0,11.0,14.0,9.0,0.0,0.0,0.0,28,033,070310,28033070310
81,8597.0,8232.0,2866.0,320.0,1012.0,1795.0,1129.0,161.0,162.0,72.0,47600.0,458.0,28942.0,2301.0,492.0,90.0,178.0,121.0,96.0,167.0,112.0,171.0,188.0,231.0,137.0,140.0,169.0,176.0,87.0,167.0,82.0,91.0,94.0,135.0,84.0,106.0,34.0,0.0,0.0,10.0,28,033,070320,28033070320
82,4189.0,3788.0,1471.0,163.0,412.0,1084.0,493.0,127.0,180.0,89.0,69000.0,380.0,30545.0,1146.0,365.0,132.0,86.0,51.0,122.0,39.0,63.0,107.0,49.0,30.0,24.0,149.0,61.0,40.0,68.0,35.0,21.0,23.0,24.0,84.0,60.0,97.0,57.0,15.0,11.0,23.0,28,033,070410,28033070410
83,5777.0,5717.0,1973.0,395.0,623.0,1543.0,730.0,227.0,126.0,92.0,53600.0,496.0,34864.0,1622.0,372.0,98.0,100.0,75.0,64.0,105.0,88.0,108.0,57.0,88.0,58.0,67.0,83.0,101.0,111.0,146.0,76.0,115.0,85.0,110.0,97.0,86.0,42.0,6.0,0.0,7.0,28,033,070420,28033070420
84,7068.0,6969.0,2350.0,107.0,466.0,1417.0,1164.0,256.0,501.0,148.0,67700.0,545.0,38843.0,1839.0,533.0,52.0,57.0,78.0,51.0,81.0,74.0,92.0,108.0,110.0,75.0,99.0,158.0,104.0,67.0,154.0,58.0,97.0,91.0,189.0,129.0,294.0,101.0,10.0,13.0,8.0,28,033,070510,28033070510
85,2306.0,2209.0,771.0,41.0,227.0,467.0,493.0,74.0,186.0,47.0,135500.0,532.0,50314.0,725.0,24.0,20.0,14.0,10.0,7.0,13.0,7.0,27.0,22.0,23.0,22.0,16.0,41.0,21.0,19.0,18.0,34.0,28.0,37.0,88.0,106.0,98.0,86.0,7.0,7.0,0.0,28,033,070520,28033070520
86,4682.0,3971.0,1637.0,274.0,382.0,980.0,753.0,166.0,348.0,108.0,99700.0,468.0,37944.0,1339.0,276.0,69.0,84.0,74.0,43.0,71.0,43.0,78.0,40.0,63.0,50.0,75.0,46.0,77.0,31.0,36.0,50.0,38.0,47.0,157.0,103.0,178.0,106.0,12.0,26.0,40.0,28,033,070600,28033070600
87,5514.0,4160.0,1732.0,362.0,676.0,1212.0,703.0,109.0,201.0,109.0,77900.0,309.0,34135.0,1525.0,251.0,76.0,112.0,46.0,97.0,76.0,58.0,78.0,71.0,94.0,32.0,92.0,52.0,90.0,62.0,64.0,35.0,72.0,66.0,85.0,75.0,144.0,112.0,15.0,7.0,21.0,28,033,070700,28033070700
88,5092.0,4037.0,1897.0,260.0,515.0,1292.0,626.0,151.0,271.0,110.0,70200.0,418.0,30903.0,1406.0,450.0,129.0,166.0,66.0,55.0,84.0,58.0,111.0,72.0,106.0,65.0,101.0,73.0,80.0,62.0,69.0,91.0,49.0,56.0,101.0,60.0,141.0,51.0,22.0,17.0,12.0,28,033,070800,28033070800
89,2367.0,1380.0,848.0,401.0,377.0,413.0,161.0,78.0,24.0,0.0,47100.0,240.0,24861.0,685.0,119.0,125.0,108.0,27.0,31.0,56.0,25.0,35.0,18.0,36.0,55.0,39.0,26.0,57.0,57.0,28.0,22.0,16.0,0.0,9.0,9.0,32.0,31.0,6.0,0.0,0.0,28,033,070900,28033070900
90,2537.0,1921.0,787.0,234.0,301.0,546.0,279.0,45.0,92.0,77.0,95400.0,331.0,34760.0,712.0,147.0,40.0,68.0,79.0,6.0,37.0,22.0,31.0,39.0,20.0,7.0,21.0,26.0,30.0,8.0,20.0,8.0,28.0,30.0,42.0,21.0,71.0,105.0,18.0,0.0,10.0,28,033,071000,28033071000
91,6728.0,5145.0,2480.0,661.0,796.0,1416.0,843.0,276.0,303.0,136.0,60900.0,277.0,29294.0,1934.0,554.0,212.0,190.0,74.0,134.0,71.0,155.0,74.0,118.0,151.0,85.0,123.0,71.0,131.0,63.0,49.0,70.0,108.0,97.0,124.0,91.0,162.0,77.0,27.0,8.0,15.0,28,033,071100,28033071100
92,2445.0,2067.0,919.0,330.0,361.0,519.0,220.0,94.0,69.0,48.0,54900.0,313.0,26222.0,731.0,157.0,78.0,108.0,56.0,48.0,74.0,34.0,25.0,15.0,44.0,23.0,64.0,44.0,58.0,32.0,47.0,7.0,26.0,0.0,24.0,43.0,38.0,19.0,7.0,0.0,5.0,28,033,071200,28033071200
383,4802.0,2498.0,1572.0,615.0,939.0,798.0,322.0,68.0,72.0,23.0,40200.0,197.0,19583.0,1346.0,197.0,245.0,193.0,107.0,87.0,79.0,90.0,128.0,22.0,110.0,71.0,80.0,44.0,49.0,55.0,37.0,23.0,18.0,21.0,12.0,15.0,37.0,27.0,17.0,5.0,0.0,28,093,950100,28093950100
384,6883.0,4449.0,2383.0,760.0,1233.0,1355.0,598.0,80.0,127.0,45.0,48100.0,289.0,21451.0,1939.0,433.0,249.0,300.0,121.0,183.0,112.0,147.0,137.0,135.0,109.0,92.0,79.0,48.0,99.0,63.0,50.0,41.0,60.0,27.0,114.0,109.0,50.0,50.0,5.0,0.0,3.0,28,093,950200,28093950200
385,5547.0,3004.0,1843.0,709.0,838.0,1038.0,324.0,111.0,163.0,31.0,40000.0,247.0,18782.0,1630.0,243.0,182.0,310.0,151.0,106.0,132.0,79.0,60.0,88.0,95.0,69.0,110.0,49.0,61.0,49.0,49.0,56.0,33.0,54.0,18.0,57.0,28.0,0.0,0.0,0.0,7.0,28,093,950300,28093950300
386,7604.0,2298.0,2402.0,916.0,698.0,935.0,591.0,58.0,542.0,351.0,42100.0,236.0,15963.0,1535.0,856.0,454.0,340.0,189.0,171.0,122.0,126.0,111.0,114.0,131.0,64.0,74.0,25.0,45.0,45.0,49.0,40.0,20.0,38.0,62.0,79.0,51.0,44.0,0.0,0.0,8.0,28,093,950400,28093950400
387,5525.0,2583.0,1868.0,968.0,831.0,806.0,330.0,52.0,201.0,101.0,36900.0,236.0,15791.0,1561.0,337.0,386.0,348.0,118.0,51.0,98.0,62.0,113.0,92.0,97.0,49.0,69.0,78.0,43.0,35.0,28.0,32.0,32.0,25.0,23.0,33.0,47.0,0.0,0.0,0.0,9.0,28,093,950500,28093950500
869,966.0,604.0,322.0,199.0,127.0,169.0,40.0,22.0,32.0,0.0,40700.0,140.0,12891.0,211.0,94.0,24.0,79.0,53.0,32.0,33.0,4.0,5.0,11.0,14.0,15.0,0.0,0.0,0.0,8.0,0.0,6.0,0.0,0.0,0.0,5.0,15.0,12.0,0.0,6.0,0.0,47,047,060100,47047060100
870,1713.0,936.0,512.0,304.0,173.0,264.0,109.0,14.0,53.0,28.0,50900.0,167.0,20403.0,402.0,85.0,57.0,90.0,35.0,23.0,34.0,12.0,31.0,15.0,19.0,12.0,30.0,20.0,12.0,0.0,14.0,19.0,7.0,0.0,22.0,15.0,45.0,0.0,0.0,0.0,0.0,47,047,060200,47047060200
871,3089.0,1143.0,939.0,489.0,567.0,509.0,172.0,25.0,65.0,11.0,40400.0,245.0,17731.0,611.0,321.0,99.0,198.0,52.0,52.0,61.0,81.0,52.0,26.0,41.0,30.0,33.0,29.0,33.0,19.0,14.0,33.0,11.0,7.0,12.0,11.0,34.0,4.0,5.0,2.0,0.0,47,047,060300,47047060300
872,5935.0,3918.0,1995.0,736.0,699.0,1277.0,649.0,139.0,162.0,65.0,58300.0,370.0,28361.0,1655.0,326.0,95.0,198.0,145.0,91.0,110.0,88.0,95.0,52.0,98.0,74.0,89.0,45.0,124.0,60.0,72.0,40.0,73.0,46.0,67.0,62.0,186.0,44.0,16.0,8.0,17.0,47,047,060400,47047060400
873,6673.0,3739.0,2300.0,924.0,856.0,1347.0,458.0,72.0,244.0,175.0,47800.0,229.0,20420.0,1595.0,757.0,240.0,393.0,166.0,138.0,105.0,89.0,113.0,103.0,95.0,86.0,162.0,74.0,60.0,60.0,68.0,51.0,52.0,40.0,98.0,37.0,32.0,20.0,0.0,1.0,17.0,47,047,060500,47047060500
874,3455.0,1845.0,1159.0,426.0,504.0,672.0,317.0,45.0,70.0,71.0,43700.0,222.0,22994.0,875.0,288.0,120.0,164.0,65.0,78.0,40.0,44.0,60.0,43.0,38.0,61.0,79.0,39.0,49.0,25.0,38.0,33.0,14.0,35.0,27.0,26.0,38.0,10.0,20.0,3.0,10.0,47,047,060600,47047060600
875,3728.0,1871.0,1238.0,471.0,482.0,762.0,287.0,80.0,179.0,89.0,68800.0,195.0,27049.0,978.0,255.0,148.0,145.0,58.0,29.0,42.0,53.0,64.0,30.0,61.0,62.0,52.0,24.0,73.0,44.0,52.0,26.0,42.0,29.0,44.0,26.0,73.0,20.0,21.0,0.0,20.0,47,047,060700,47047060700
1448,1209.0,401.0,594.0,152.0,193.0,137.0,72.0,41.0,130.0,129.0,27100.0,571.0,20671.0,116.0,505.0,136.0,86.0,30.0,7.0,22.0,5.0,41.0,39.0,15.0,14.0,22.0,23.0,22.0,23.0,7.0,8.0,7.0,23.0,29.0,13.0,14.0,8.0,0.0,0.0,0.0,47,157,000100,47157000100
1449,2246.0,34.0,744.0,312.0,449.0,226.0,70.0,23.0,18.0,5.0,22600.0,254.0,8220.0,155.0,567.0,287.0,114.0,42.0,65.0,57.0,24.0,42.0,20.0,7.0,17.0,6.0,22.0,0.0,8.0,18.0,0.0,7.0,8.0,0.0,0.0,0.0,0.0,0.0,0.0,0.0,47,157,000200,47157000200
1450,3281.0,132.0,1018.0,429.0,435.0,545.0,96.0,38.0,31.0,24.0,30600.0,200.0,7356.0,300.0,696.0,358.0,246.0,75.0,77.0,44.0,29.0,28.0,13.0,19.0,13.0,17.0,7.0,9.0,14.0,12.0,0.0,0.0,9.0,13.0,0.0,28.0,7.0,0.0,0.0,0.0,47,157,000300,47157000300
1451,2838.0,51.0,972.0,444.0,549.0,482.0,142.0,10.0,24.0,8.0,28200.0,264.0,9087.0,519.0,490.0,287.0,225.0,85.0,70.0,63.0,0.0,46.0,42.0,47.0,13.0,28.0,13.0,10.0,0.0,7.0,8.0,8.0,0.0,0.0,6.0,14.0,0.0,0.0,0.0,0.0,47,157,000400,47157000400
1452,941.0,28.0,366.0,102.0,189.0,183.0,61.0,12.0,24.0,0.0,30000.0,278.0,11544.0,78.0,253.0,68.0,94.0,34.0,33.0,26.0,36.0,0.0,0.0,8.0,15.0,5.0,7.0,0.0,3.0,0.0,0.0,20.0,0.0,4.0,0.0,5.0,0.0,0.0,8.0,0.0,47,157,000500,47157000500
1453,3915.0,100.0,1364.0,489.0,932.0,631.0,221.0,77.0,50.0,11.0,29300.0,257.0,10131.0,808.0,559.0,366.0,309.0,134.0,72.0,81.0,47.0,95.0,43.0,41.0,10.0,11.0,25.0,18.0,18.0,25.0,6.0,6.0,0.0,4.0,30.0,0.0,11.0,0.0,5.0,7.0,47,157,000600,47157000600
1454,6447.0,1032.0,2472.0,620.0,894.0,1122.0,512.0,70.0,404.0,218.0,46200.0,351.0,15140.0,1125.0,1365.0,457.0,413.0,202.0,156.0,143.0,93.0,117.0,125.0,115.0,70.0,94.0,70.0,73.0,35.0,45.0,39.0,38.0,51.0,15.0,32.0,54.0,17.0,9.0,0.0,9.0,47,157,000700,47157000700
1455,4315.0,27.0,1331.0,515.0,776.0,710.0,286.0,82.0,48.0,16.0,31400.0,261.0,12676.0,698.0,609.0,319.0,265.0,71.0,149.0,66.0,82.0,54.0,32.0,31.0,68.0,19.0,30.0,33.0,19.0,14.0,33.0,5.0,0.0,35.0,6.0,0.0,0.0,0.0,0.0,0.0,47,157,000800,47157000800
1456,4697.0,70.0,1549.0,694.0,801.0,746.0,356.0,41.0,102.0,67.0,38800.0,262.0,13608.0,924.0,635.0,269.0,303.0,144.0,132.0,47.0,91.0,67.0,38.0,82.0,54.0,53.0,34.0,26.0,26.0,47.0,12.0,30.0,33.0,0.0,28.0,17.0,16.0,0.0,0.0,0.0,47,157,000900,47157000900
1457,783.0,0.0,274.0,118.0,90.0,201.0,51.0,10.0,5.0,5.0,26600.0,273.0,14318.0,161.0,114.0,38.0,74.0,17.0,11.0,8.0,13.0,43.0,31.0,25.0,9.0,0.0,0.0,5.0,0.0,0.0,0.0,0.0,0.0,0.0,0.0,0.0,0.0,0.0,0.0,0.0,47,157,001000,47157001000
1458,3419.0,2851.0,1470.0,329.0,495.0,862.0,407.0,92.0,89.0,45.0,39700.0,373.0,18702.0,962.0,506.0,127.0,250.0,98.0,91.0,106.0,131.0,82.0,99.0,105.0,56.0,81.0,32.0,19.0,40.0,51.0,7.0,6.0,7.0,6.0,29.0,5.0,42.0,0.0,0.0,0.0,47,157,001100,47157001100
1459,3605.0,3511.0,1642.0,193.0,521.0,963.0,527.0,106.0,167.0,120.0,47800.0,364.0,24105.0,1182.0,470.0,53.0,171.0,89.0,121.0,68.0,153.0,114.0,81.0,119.0,65.0,128.0,65.0,39.0,45.0,51.0,39.0,7.0,49.0,22.0,64.0,25.0,62.0,12.0,0.0,0.0,47,157,001200,47157001200
1460,4228.0,2230.0,1668.0,342.0,587.0,1027.0,418.0,55.0,118.0,59.0,41500.0,342.0,15821.0,868.0,809.0,268.0,263.0,99.0,159.0,137.0,74.0,64.0,96.0,80.0,53.0,76.0,21.0,57.0,29.0,44.0,24.0,28.0,25.0,24.0,25.0,10.0,12.0,0.0,0.0,0.0,47,157,001300,47157001300
1461,1881.0,608.0,794.0,243.0,333.0,419.0,156.0,14.0,36.0,22.0,36000.0,348.0,12409.0,500.0,312.0,135.0,209.0,55.0,34.0,69.0,57.0,16.0,48.0,24.0,0.0,42.0,7.0,31.0,7.0,14.0,12.0,7.0,16.0,6.0,0.0,5.0,0.0,0.0,0.0,0.0,47,157,001400,47157001400
1462,2565.0,655.0,950.0,174.0,422.0,417.0,353.0,89.0,81.0,58.0,39700.0,343.0,19741.0,538.0,385.0,99.0,118.0,76.0,25.0,105.0,58.0,73.0,26.0,87.0,36.0,30.0,14.0,26.0,0.0,37.0,12.0,39.0,12.0,15.0,30.0,29.0,3.0,0.0,0.0,0.0,47,157,001500,47157001500
1463,3163.0,2936.0,976.0,31.0,116.0,253.0,302.0,91.0,398.0,360.0,88200.0,482.0,36490.0,742.0,231.0,26.0,70.0,54.0,16.0,33.0,18.0,37.0,21.0,49.0,33.0,57.0,43.0,52.0,35.0,45.0,32.0,17.0,21.0,32.0,39.0,40.0,91.0,25.0,37.0,53.0,47,157,001600,47157001600
1464,4581.0,1935.0,1854.0,169.0,471.0,878.0,671.0,175.0,446.0,273.0,53500.0,418.0,24530.0,1174.0,706.0,129.0,152.0,106.0,122.0,61.0,136.0,113.0,133.0,81.0,60.0,117.0,48.0,70.0,47.0,24.0,70.0,71.0,29.0,110.0,48.0,73.0,23.0,11.0,0.0,20.0,47,157,001700,47157001700
1465,2247.0,0.0,857.0,377.0,391.0,312.0,183.0,59.0,15.0,19.0,25100.0,266.0,7509.0,329.0,506.0,262.0,255.0,56.0,57.0,63.0,54.0,31.0,19.0,11.0,15.0,12.0,0.0,0.0,4.0,0.0,0.0,3.0,10.0,0.0,0.0,5.0,0.0,0.0,0.0,0.0,47,157,001800,47157001800
1466,2633.0,61.0,841.0,351.0,540.0,492.0,92.0,30.0,14.0,7.0,36100.0,280.0,11321.0,425.0,438.0,182.0,183.0,105.0,54.0,33.0,57.0,44.0,13.0,39.0,29.0,26.0,10.0,0.0,5.0,6.0,16.0,0.0,0.0,29.0,6.0,4.0,0.0,0.0,0.0,0.0,47,157,001900,47157001900
1467,3938.0,62.0,1092.0,433.0,721.0,358.0,158.0,38.0,13.0,26.0,32300.0,153.0,5762.0,327.0,759.0,497.0,204.0,93.0,23.0,72.0,16.0,29.0,20.0,14.0,29.0,44.0,0.0,0.0,4.0,8.0,0.0,4.0,0.0,10.0,18.0,4.0,3.0,0.0,0.0,0.0,47,157,002000,47157002000
1468,1110.0,26.0,434.0,147.0,194.0,143.0,103.0,0.0,27.0,0.0,33800.0,240.0,9070.0,70.0,330.0,136.0,92.0,59.0,12.0,37.0,33.0,8.0,32.0,8.0,0.0,0.0,0.0,0.0,0.0,0.0,7.0,0.0,0.0,10.0,0.0,0.0,0.0,0.0,0.0,0.0,47,157,002100,47157002100
1469,844.0,76.0,425.0,188.0,108.0,57.0,61.0,19.0,0.0,18.0,0.0,123.0,4999.0,0.0,463.0,294.0,60.0,36.0,20.0,0.0,0.0,10.0,0.0,0.0,5.0,0.0,0.0,0.0,0.0,0.0,0.0,0.0,0.0,0.0,0.0,0.0,0.0,0.0,0.0,0.0,47,157,002200,47157002200
1470,0.0,0.0,0.0,0.0,0.0,0.0,0.0,0.0,0.0,0.0,0.0,0.0,0.0,0.0,0.0,0.0,0.0,0.0,0.0,0.0,0.0,0.0,0.0,0.0,0.0,0.0,0.0,0.0,0.0,0.0,0.0,0.0,0.0,0.0,0.0,0.0,0.0,0.0,0.0,0.0,47,157,002299,47157002299
1471,1630.0,69.0,574.0,293.0,335.0,195.0,82.0,38.0,34.0,4.0,23500.0,223.0,6606.0,83.0,504.0,213.0,157.0,57.0,30.0,54.0,18.0,0.0,0.0,4.0,0.0,7.0,0.0,0.0,5.0,0.0,0.0,11.0,0.0,0.0,0.0,7.0,11.0,0.0,0.0,0.0,47,157,002300,47157002300
1472,4134.0,191.0,1501.0,342.0,632.0,658.0,290.0,58.0,69.0,0.0,38500.0,225.0,6868.0,276.0,1228.0,613.0,273.0,124.0,72.0,79.0,34.0,22.0,40.0,44.0,54.0,15.0,9.0,43.0,8.0,8.0,9.0,19.0,0.0,22.0,0.0,6.0,0.0,0.0,0.0,7.0,47,157,002400,47157002400
1473,3210.0,1583.0,1307.0,233.0,311.0,639.0,487.0,68.0,214.0,180.0,56200.0,340.0,17750.0,561.0,749.0,162.0,159.0,141.0,85.0,97.0,95.0,56.0,101.0,27.0,20.0,41.0,33.0,20.0,9.0,22.0,23.0,25.0,30.0,37.0,14.0,40.0,26.0,22.0,6.0,16.0,47,157,002500,47157002500
1474,2106.0,2022.0,1031.0,35.0,69.0,200.0,311.0,68.0,509.0,383.0,92100.0,397.0,35156.0,560.0,494.0,77.0,37.0,49.0,22.0,58.0,26.0,30.0,47.0,49.0,29.0,66.0,24.0,24.0,28.0,37.0,29.0,20.0,30.0,51.0,62.0,84.0,68.0,67.0,5.0,12.0,47,157,002600,47157002600
1475,2007.0,1379.0,965.0,206.0,199.0,450.0,280.0,64.0,124.0,42.0,39400.0,369.0,17566.0,419.0,544.0,116.0,189.0,77.0,65.0,34.0,57.0,59.0,62.0,40.0,19.0,28.0,40.0,11.0,31.0,18.0,41.0,14.0,7.0,0.0,6.0,32.0,12.0,7.0,0.0,0.0,47,157,002700,47157002700
1476,5568.0,557.0,1988.0,536.0,1028.0,812.0,267.0,74.0,116.0,91.0,35100.0,275.0,11393.0,692.0,1329.0,483.0,428.0,149.0,100.0,71.0,81.0,131.0,79.0,112.0,65.0,28.0,39.0,42.0,0.0,19.0,36.0,26.0,0.0,23.0,0.0,31.0,12.0,17.0,0.0,16.0,47,157,002800,47157002800
1477,4723.0,4682.0,2392.0,69.0,226.0,769.0,891.0,102.0,1010.0,691.0,82700.0,414.0,35195.0,1813.0,575.0,77.0,195.0,50.0,56.0,66.0,92.0,157.0,110.0,88.0,140.0,103.0,56.0,77.0,67.0,85.0,87.0,71.0,89.0,64.0,67.0,192.0,138.0,95.0,29.0,141.0,47,157,002900,47157002900
1478,3642.0,1396.0,1408.0,276.0,522.0,427.0,488.0,67.0,430.0,213.0,78700.0,326.0,19951.0,625.0,803.0,201.0,217.0,74.0,65.0,97.0,51.0,56.0,45.0,55.0,37.0,48.0,55.0,41.0,44.0,5.0,16.0,24.0,31.0,32.0,47.0,51.0,70.0,13.0,5.0,28.0,47,157,003000,47157003000
1479,3456.0,3203.0,1803.0,68.0,226.0,460.0,570.0,99.0,656.0,441.0,76500.0,411.0,27173.0,849.0,964.0,134.0,157.0,49.0,109.0,70.0,161.0,64.0,101.0,65.0,39.0,91.0,60.0,51.0,38.0,69.0,51.0,52.0,23.0,34.0,43.0,115.0,63.0,92.0,17.0,55.0,47,157,003100,47157003100
1480,3993.0,3457.0,2406.0,307.0,276.0,611.0,766.0,129.0,767.0,370.0,75900.0,367.0,19455.0,451.0,1937.0,209.0,388.0,130.0,156.0,234.0,110.0,163.0,145.0,126.0,54.0,70.0,49.0,65.0,40.0,41.0,33.0,54.0,12.0,42.0,51.0,143.0,41.0,24.0,26.0,0.0,47,157,003200,47157003200
1481,2333.0,2169.0,1127.0,7.0,134.0,326.0,445.0,48.0,465.0,376.0,93700.0,375.0,32467.0,706.0,381.0,42.0,93.0,57.0,13.0,33.0,61.0,85.0,49.0,34.0,59.0,38.0,45.0,25.0,0.0,35.0,5.0,30.0,11.0,35.0,29.0,141.0,73.0,47.0,31.0,56.0,47,157,003300,47157003300
1482,2211.0,1917.0,1321.0,38.0,147.0,291.0,389.0,39.0,337.0,329.0,95800.0,374.0,22420.0,342.0,1001.0,124.0,146.0,98.0,64.0,78.0,45.0,109.0,64.0,53.0,40.0,98.0,33.0,23.0,26.0,22.0,28.0,38.0,0.0,56.0,20.0,63.0,52.0,20.0,0.0,21.0,47,157,003400,47157003400
1483,3192.0,2893.0,1546.0,51.0,96.0,228.0,587.0,77.0,647.0,646.0,129600.0,396.0,35476.0,730.0,795.0,56.0,78.0,108.0,77.0,75.0,47.0,69.0,45.0,56.0,56.0,66.0,32.0,42.0,34.0,46.0,44.0,50.0,41.0,41.0,56.0,110.0,121.0,81.0,18.0,97.0,47,157,003500,47157003500
1484,3171.0,996.0,1424.0,353.0,337.0,424.0,363.0,85.0,259.0,194.0,73400.0,305.0,13077.0,178.0,1259.0,240.0,273.0,181.0,78.0,93.0,115.0,44.0,48.0,64.0,39.0,21.0,46.0,53.0,18.0,10.0,0.0,27.0,7.0,21.0,8.0,17.0,11.0,0.0,0.0,10.0,47,157,003600,47157003600
1485,1418.0,596.0,791.0,207.0,296.0,208.0,172.0,7.0,60.0,48.0,77100.0,188.0,6884.0,21.0,804.0,269.0,236.0,34.0,22.0,49.0,10.0,44.0,29.0,26.0,8.0,9.0,0.0,7.0,8.0,11.0,0.0,7.0,0.0,5.0,0.0,11.0,6.0,0.0,0.0,0.0,47,157,003700,47157003700
1486,1701.0,994.0,633.0,330.0,259.0,330.0,161.0,22.0,70.0,136.0,47500.0,150.0,6157.0,9.0,601.0,250.0,180.0,50.0,20.0,7.0,28.0,7.0,15.0,12.0,9.0,22.0,7.0,0.0,6.0,0.0,0.0,6.0,0.0,0.0,0.0,6.0,0.0,0.0,0.0,8.0,47,157,003800,47157003800
1487,2053.0,809.0,1416.0,286.0,275.0,233.0,260.0,44.0,264.0,120.0,0.0,309.0,7195.0,10.0,1354.0,518.0,327.0,69.0,17.0,95.0,62.0,26.0,70.0,30.0,27.0,28.0,37.0,22.0,30.0,25.0,0.0,0.0,19.0,0.0,9.0,5.0,0.0,0.0,0.0,0.0,47,157,003900,47157003900
1488,2992.0,70.0,1181.0,461.0,531.0,270.0,121.0,40.0,10.0,3.0,39800.0,128.0,4999.0,43.0,1165.0,715.0,261.0,54.0,32.0,31.0,34.0,16.0,20.0,7.0,0.0,0.0,0.0,0.0,0.0,0.0,0.0,3.0,0.0,0.0,8.0,0.0,0.0,0.0,0.0,0.0,47,157,004000,47157004000
1489,3518.0,278.0,762.0,377.0,718.0,644.0,371.0,48.0,45.0,0.0,17500.0,126.0,4999.0,16.0,679.0,500.0,143.0,41.0,36.0,12.0,8.0,11.0,4.0,0.0,7.0,0.0,0.0,0.0,0.0,0.0,0.0,0.0,0.0,0.0,0.0,0.0,0.0,0.0,0.0,0.0,47,157,004100,47157004100
1490,1097.0,856.0,817.0,32.0,26.0,98.0,336.0,61.0,211.0,176.0,275000.0,495.0,26684.0,134.0,735.0,51.0,47.0,32.0,44.0,34.0,40.0,58.0,54.0,72.0,42.0,54.0,20.0,32.0,11.0,16.0,20.0,7.0,9.0,27.0,9.0,16.0,34.0,23.0,9.0,56.0,47,157,004200,47157004200
1491,308.0,231.0,189.0,0.0,15.0,55.0,83.0,0.0,59.0,32.0,0.0,622.0,41125.0,0.0,207.0,23.0,0.0,20.0,10.0,9.0,9.0,0.0,0.0,0.0,0.0,0.0,0.0,9.0,10.0,10.0,0.0,8.0,19.0,20.0,19.0,0.0,10.0,0.0,0.0,13.0,47,157,004300,47157004300
1492,576.0,4.0,238.0,125.0,86.0,119.0,47.0,13.0,0.0,0.0,16700.0,231.0,11222.0,38.0,208.0,63.0,34.0,45.0,40.0,25.0,0.0,16.0,0.0,0.0,0.0,0.0,0.0,0.0,0.0,0.0,0.0,0.0,0.0,0.0,0.0,15.0,0.0,0.0,0.0,0.0,47,157,004400,47157004400
1493,1787.0,0.0,616.0,292.0,247.0,174.0,92.0,9.0,7.0,6.0,35500.0,129.0,5291.0,28.0,522.0,285.0,194.0,45.0,25.0,24.0,8.0,0.0,7.0,17.0,0.0,0.0,0.0,0.0,0.0,11.0,0.0,0.0,0.0,0.0,0.0,0.0,0.0,0.0,0.0,0.0,47,157,004500,47157004500
1494,2362.0,254.0,801.0,147.0,359.0,233.0,143.0,55.0,49.0,13.0,62700.0,137.0,5549.0,142.0,682.0,369.0,171.0,32.0,61.0,20.0,32.0,30.0,0.0,27.0,10.0,4.0,6.0,0.0,0.0,19.0,0.0,0.0,0.0,6.0,0.0,6.0,0.0,0.0,8.0,0.0,47,157,004600,47157004600
1495,3119.0,24.0,1096.0,448.0,629.0,437.0,283.0,32.0,54.0,34.0,31900.0,263.0,12815.0,546.0,527.0,233.0,247.0,54.0,111.0,116.0,40.0,53.0,28.0,25.0,26.0,15.0,30.0,14.0,39.0,19.0,7.0,19.0,6.0,0.0,7.0,7.0,0.0,0.0,0.0,0.0,47,157,004700,47157004700
1496,3912.0,30.0,1323.0,318.0,579.0,454.0,204.0,19.0,51.0,15.0,27500.0,114.0,5142.0,149.0,1144.0,644.0,324.0,151.0,35.0,31.0,9.0,12.0,15.0,23.0,23.0,6.0,20.0,5.0,0.0,15.0,0.0,0.0,0.0,0.0,0.0,0.0,10.0,0.0,0.0,0.0,47,157,004800,47157004800
1497,2907.0,4.0,1050.0,428.0,622.0,329.0,166.0,48.0,59.0,24.0,27000.0,261.0,8673.0,342.0,725.0,283.0,291.0,81.0,77.0,48.0,32.0,57.0,34.0,13.0,8.0,17.0,11.0,0.0,8.0,11.0,11.0,18.0,0.0,0.0,5.0,9.0,13.0,23.0,0.0,0.0,47,157,004900,47157004900
1498,3255.0,15.0,958.0,402.0,555.0,431.0,144.0,19.0,14.0,13.0,29900.0,221.0,6742.0,197.0,769.0,327.0,298.0,79.0,31.0,58.0,33.0,21.0,6.0,31.0,0.0,5.0,24.0,7.0,8.0,12.0,0.0,0.0,6.0,3.0,0.0,7.0,0.0,0.0,2.0,0.0,47,157,005000,47157005000
1499,421.0,75.0,187.0,84.0,71.0,32.0,16.0,0.0,34.0,0.0,25400.0,231.0,6959.0,60.0,125.0,62.0,57.0,12.0,0.0,8.0,8.0,8.0,9.0,0.0,8.0,0.0,0.0,6.0,0.0,0.0,0.0,0.0,0.0,0.0,0.0,9.0,0.0,0.0,0.0,0.0,47,157,005100,47157005100
1500,626.0,65.0,226.0,11.0,69.0,49.0,129.0,44.0,60.0,63.0,64400.0,260.0,36667.0,170.0,31.0,29.0,22.0,6.0,6.0,0.0,0.0,0.0,20.0,17.0,5.0,0.0,0.0,12.0,0.0,7.0,6.0,5.0,0.0,10.0,19.0,25.0,6.0,0.0,0.0,31.0,47,157,005200,47157005200
1501,6448.0,10.0,2244.0,1073.0,1287.0,931.0,434.0,89.0,115.0,47.0,31300.0,260.0,10502.0,1375.0,927.0,477.0,598.0,234.0,207.0,100.0,67.0,167.0,95.0,25.0,88.0,27.0,16.0,8.0,16.0,0.0,0.0,10.0,14.0,8.0,39.0,0.0,33.0,6.0,0.0,9.0,47,157,005300,47157005300
1502,1861.0,13.0,597.0,198.0,313.0,209.0,92.0,14.0,39.0,8.0,31000.0,216.0,8000.0,161.0,463.0,156.0,193.0,39.0,80.0,38.0,12.0,4.0,14.0,0.0,9.0,7.0,8.0,0.0,20.0,10.0,0.0,7.0,0.0,0.0,0.0,0.0,0.0,0.0,0.0,0.0,47,157,005400,47157005400
1503,4466.0,47.0,1505.0,691.0,904.0,643.0,260.0,69.0,27.0,17.0,31800.0,287.0,12363.0,722.0,742.0,288.0,335.0,137.0,95.0,157.0,79.0,80.0,57.0,88.0,18.0,39.0,22.0,41.0,14.0,12.0,6.0,8.0,12.0,0.0,6.0,0.0,11.0,0.0,0.0,0.0,47,157,005500,47157005500
1504,5438.0,70.0,1789.0,532.0,962.0,904.0,530.0,103.0,196.0,91.0,40200.0,336.0,20359.0,1310.0,478.0,171.0,238.0,165.0,88.0,132.0,86.0,101.0,83.0,117.0,87.0,78.0,57.0,57.0,39.0,24.0,28.0,79.0,23.0,70.0,18.0,30.0,18.0,0.0,0.0,0.0,47,157,005600,47157005600
1505,4102.0,11.0,1436.0,609.0,755.0,636.0,270.0,80.0,68.0,51.0,31900.0,272.0,12128.0,800.0,618.0,303.0,289.0,148.0,102.0,82.0,57.0,72.0,107.0,30.0,24.0,54.0,38.0,17.0,7.0,10.0,6.0,25.0,6.0,22.0,5.0,27.0,5.0,0.0,0.0,0.0,47,157,005700,47157005700
1506,2346.0,12.0,813.0,436.0,359.0,267.0,166.0,17.0,22.0,29.0,29000.0,276.0,8497.0,305.0,494.0,251.0,194.0,40.0,26.0,51.0,67.0,33.0,0.0,38.0,17.0,15.0,18.0,0.0,12.0,0.0,19.0,0.0,20.0,6.0,0.0,6.0,0.0,0.0,0.0,0.0,47,157,005800,47157005800
1507,4554.0,26.0,1548.0,664.0,873.0,709.0,261.0,99.0,110.0,37.0,30300.0,261.0,11039.0,691.0,845.0,323.0,392.0,142.0,83.0,88.0,80.0,78.0,43.0,57.0,50.0,60.0,29.0,40.0,18.0,7.0,0.0,8.0,0.0,13.0,22.0,0.0,15.0,0.0,0.0,0.0,47,157,005900,47157005900
1508,2648.0,0.0,1094.0,420.0,406.0,513.0,246.0,33.0,78.0,88.0,38000.0,269.0,10898.0,654.0,396.0,232.0,264.0,142.0,23.0,52.0,83.0,34.0,42.0,45.0,15.0,22.0,8.0,19.0,8.0,0.0,37.0,19.0,0.0,6.0,22.0,10.0,7.0,4.0,0.0,0.0,47,157,006000,47157006000
1509,1258.0,0.0,474.0,228.0,201.0,201.0,119.0,16.0,58.0,0.0,32800.0,287.0,12625.0,227.0,285.0,124.0,70.0,41.0,40.0,31.0,42.0,31.0,30.0,6.0,7.0,23.0,6.0,9.0,0.0,0.0,0.0,0.0,0.0,0.0,5.0,0.0,9.0,0.0,0.0,0.0,47,157,006100,47157006100
1510,3933.0,205.0,1108.0,486.0,641.0,640.0,348.0,50.0,63.0,26.0,42000.0,327.0,15920.0,641.0,451.0,160.0,226.0,85.0,51.0,87.0,9.0,74.0,67.0,48.0,33.0,38.0,34.0,17.0,35.0,30.0,14.0,19.0,11.0,28.0,16.0,10.0,0.0,16.0,0.0,0.0,47,157,006200,47157006200
1511,2940.0,1558.0,1213.0,160.0,410.0,555.0,457.0,27.0,199.0,137.0,48400.0,329.0,21227.0,723.0,483.0,121.0,170.0,93.0,70.0,68.0,58.0,54.0,68.0,56.0,33.0,71.0,37.0,45.0,31.0,23.0,17.0,28.0,20.0,33.0,48.0,36.0,24.0,9.0,0.0,0.0,47,157,006300,47157006300
1512,2133.0,71.0,771.0,190.0,226.0,319.0,324.0,50.0,175.0,120.0,54100.0,369.0,21203.0,487.0,275.0,58.0,90.0,63.0,45.0,70.0,34.0,53.0,50.0,46.0,24.0,51.0,15.0,40.0,21.0,7.0,8.0,0.0,6.0,5.0,30.0,27.0,20.0,8.0,0.0,0.0,47,157,006400,47157006400
1513,3090.0,8.0,1166.0,292.0,510.0,493.0,396.0,24.0,187.0,75.0,38200.0,325.0,16226.0,641.0,526.0,193.0,195.0,87.0,57.0,104.0,68.0,58.0,59.0,63.0,49.0,63.0,18.0,13.0,16.0,30.0,22.0,12.0,5.0,15.0,23.0,0.0,6.0,5.0,5.0,0.0,47,157,006500,47157006500
1514,4550.0,2778.0,1107.0,195.0,441.0,295.0,473.0,33.0,255.0,88.0,47700.0,344.0,18060.0,516.0,610.0,122.0,205.0,76.0,57.0,74.0,87.0,47.0,67.0,44.0,42.0,62.0,30.0,38.0,33.0,15.0,22.0,8.0,0.0,21.0,14.0,36.0,0.0,0.0,0.0,7.0,47,157,006600,47157006600
1515,5565.0,171.0,2072.0,908.0,1026.0,841.0,402.0,38.0,107.0,48.0,30800.0,286.0,10809.0,899.0,1141.0,503.0,478.0,170.0,119.0,160.0,101.0,56.0,101.0,118.0,23.0,62.0,21.0,22.0,22.0,27.0,9.0,7.0,16.0,33.0,0.0,14.0,10.0,0.0,0.0,0.0,47,157,006700,47157006700
1516,3588.0,62.0,1330.0,560.0,592.0,702.0,261.0,86.0,54.0,18.0,36800.0,316.0,13154.0,719.0,601.0,306.0,236.0,95.0,107.0,105.0,79.0,75.0,48.0,30.0,15.0,69.0,5.0,49.0,16.0,7.0,13.0,9.0,0.0,7.0,19.0,28.0,0.0,8.0,0.0,4.0,47,157,006800,47157006800
1517,3970.0,165.0,1204.0,414.0,638.0,712.0,320.0,109.0,61.0,61.0,39600.0,319.0,22445.0,1037.0,200.0,128.0,123.0,86.0,82.0,55.0,39.0,91.0,91.0,81.0,47.0,41.0,45.0,36.0,19.0,15.0,43.0,42.0,27.0,55.0,17.0,36.0,5.0,0.0,0.0,0.0,47,157,006900,47157006900
1518,3940.0,1964.0,1655.0,207.0,538.0,560.0,443.0,56.0,261.0,199.0,45700.0,402.0,19125.0,692.0,967.0,124.0,227.0,158.0,95.0,152.0,110.0,94.0,85.0,83.0,102.0,72.0,26.0,103.0,65.0,8.0,0.0,18.0,24.0,25.0,20.0,24.0,14.0,8.0,0.0,18.0,47,157,007000,47157007000
1519,2726.0,1792.0,1098.0,125.0,265.0,276.0,312.0,60.0,521.0,361.0,89800.0,444.0,33490.0,856.0,264.0,51.0,80.0,18.0,55.0,35.0,32.0,63.0,31.0,47.0,51.0,67.0,48.0,26.0,0.0,37.0,16.0,35.0,6.0,55.0,16.0,47.0,70.0,53.0,22.0,137.0,47,157,007100,47157007100
1520,2466.0,2382.0,1283.0,25.0,84.0,249.0,439.0,89.0,645.0,408.0,79600.0,452.0,35596.0,1019.0,258.0,40.0,61.0,37.0,35.0,22.0,31.0,78.0,60.0,67.0,44.0,93.0,53.0,86.0,30.0,59.0,30.0,33.0,17.0,54.0,100.0,102.0,82.0,12.0,12.0,45.0,47,157,007200,47157007200
1521,2416.0,2231.0,1498.0,426.0,206.0,243.0,354.0,47.0,425.0,279.0,129300.0,307.0,12095.0,314.0,1176.0,283.0,373.0,111.0,59.0,70.0,62.0,25.0,44.0,30.0,6.0,31.0,8.0,47.0,18.0,46.0,18.0,45.0,10.0,31.0,15.0,46.0,35.0,14.0,47.0,24.0,47,157,007300,47157007300
1522,3187.0,2823.0,1479.0,84.0,213.0,469.0,565.0,80.0,393.0,188.0,54800.0,390.0,22144.0,755.0,722.0,171.0,148.0,86.0,56.0,76.0,103.0,116.0,68.0,76.0,77.0,97.0,55.0,50.0,54.0,43.0,32.0,8.0,23.0,70.0,21.0,19.0,21.0,9.0,0.0,0.0,47,157,007400,47157007400
1523,2086.0,0.0,689.0,194.0,439.0,343.0,236.0,0.0,63.0,21.0,41200.0,391.0,19482.0,511.0,163.0,101.0,82.0,41.0,27.0,61.0,41.0,55.0,16.0,21.0,45.0,24.0,14.0,37.0,7.0,20.0,11.0,28.0,7.0,10.0,5.0,25.0,11.0,0.0,0.0,0.0,47,157,007500,47157007500
1524,0.0,0.0,0.0,0.0,0.0,0.0,0.0,0.0,0.0,0.0,0.0,0.0,0.0,0.0,0.0,0.0,0.0,0.0,0.0,0.0,0.0,0.0,0.0,0.0,0.0,0.0,0.0,0.0,0.0,0.0,0.0,0.0,0.0,0.0,0.0,0.0,0.0,0.0,0.0,0.0,47,157,007600,47157007600
1525,0.0,0.0,0.0,0.0,0.0,0.0,0.0,0.0,0.0,0.0,0.0,0.0,0.0,0.0,0.0,0.0,0.0,0.0,0.0,0.0,0.0,0.0,0.0,0.0,0.0,0.0,0.0,0.0,0.0,0.0,0.0,0.0,0.0,0.0,0.0,0.0,0.0,0.0,0.0,0.0,47,157,007700,47157007700
1526,4178.0,22.0,1521.0,494.0,693.0,637.0,426.0,121.0,64.0,61.0,36000.0,295.0,11820.0,629.0,941.0,393.0,243.0,171.0,93.0,81.0,82.0,91.0,57.0,39.0,30.0,49.0,44.0,19.0,6.0,19.0,16.0,19.0,0.0,10.0,12.0,23.0,15.0,5.0,0.0,4.0,47,157,007810,47157007810
1527,9549.0,505.0,3231.0,748.0,1184.0,1524.0,1001.0,208.0,607.0,369.0,44400.0,328.0,19054.0,2043.0,1198.0,591.0,371.0,232.0,101.0,231.0,144.0,201.0,116.0,101.0,83.0,133.0,123.0,60.0,59.0,83.0,33.0,78.0,85.0,105.0,77.0,109.0,81.0,34.0,0.0,0.0,47,157,007820,47157007820
1528,7508.0,745.0,2524.0,436.0,1087.0,1204.0,1013.0,227.0,198.0,119.0,44400.0,359.0,20443.0,1482.0,1058.0,241.0,374.0,157.0,104.0,139.0,216.0,175.0,124.0,97.0,75.0,143.0,95.0,63.0,109.0,87.0,34.0,28.0,45.0,47.0,62.0,85.0,19.0,0.0,5.0,0.0,47,157,007900,47157007900
1529,4714.0,3811.0,2161.0,184.0,629.0,936.0,817.0,152.0,433.0,261.0,50100.0,375.0,22378.0,1432.0,740.0,73.0,300.0,187.0,83.0,149.0,162.0,133.0,134.0,103.0,96.0,99.0,69.0,98.0,45.0,102.0,77.0,33.0,33.0,50.0,45.0,73.0,10.0,0.0,7.0,0.0,47,157,008000,47157008000
1530,4509.0,225.0,1376.0,405.0,684.0,704.0,310.0,148.0,38.0,25.0,37300.0,366.0,15394.0,593.0,798.0,245.0,229.0,109.0,85.0,127.0,77.0,72.0,89.0,79.0,51.0,63.0,44.0,26.0,24.0,10.0,6.0,13.0,0.0,7.0,6.0,6.0,0.0,0.0,8.0,0.0,47,157,008110,47157008110
1531,6792.0,580.0,2521.0,481.0,1045.0,1080.0,770.0,137.0,215.0,188.0,43800.0,306.0,17166.0,1225.0,1296.0,299.0,382.0,247.0,109.0,258.0,109.0,115.0,116.0,127.0,49.0,103.0,71.0,22.0,68.0,62.0,81.0,49.0,43.0,60.0,77.0,39.0,35.0,0.0,0.0,0.0,47,157,008120,47157008120
1532,5556.0,2121.0,1997.0,262.0,715.0,1118.0,581.0,148.0,134.0,58.0,42900.0,374.0,18602.0,1009.0,967.0,227.0,271.0,177.0,150.0,114.0,135.0,109.0,62.0,85.0,100.0,61.0,85.0,94.0,83.0,69.0,34.0,39.0,23.0,28.0,0.0,36.0,9.0,6.0,0.0,0.0,47,157,008200,47157008200
1533,4848.0,4481.0,2024.0,257.0,562.0,1095.0,816.0,107.0,393.0,187.0,55400.0,379.0,29554.0,1529.0,516.0,71.0,166.0,118.0,119.0,84.0,95.0,69.0,79.0,119.0,112.0,64.0,89.0,100.0,60.0,114.0,67.0,129.0,7.0,62.0,37.0,158.0,67.0,26.0,0.0,12.0,47,157,008300,47157008300
1534,311.0,186.0,101.0,0.0,0.0,23.0,29.0,23.0,20.0,56.0,0.0,380.0,14327.0,0.0,111.0,0.0,29.0,12.0,13.0,4.0,5.0,20.0,0.0,8.0,0.0,0.0,0.0,7.0,0.0,0.0,0.0,0.0,0.0,0.0,0.0,3.0,0.0,0.0,0.0,0.0,47,157,008400,47157008400
1535,4009.0,3960.0,1819.0,60.0,130.0,472.0,834.0,65.0,912.0,736.0,182500.0,600.0,56198.0,1514.0,316.0,49.0,151.0,17.0,27.0,57.0,53.0,24.0,39.0,60.0,20.0,39.0,13.0,42.0,31.0,84.0,20.0,48.0,36.0,84.0,61.0,167.0,174.0,112.0,76.0,335.0,47,157,008500,47157008500
1536,5859.0,5506.0,2555.0,113.0,346.0,898.0,1086.0,127.0,1035.0,714.0,107100.0,376.0,37525.0,1902.0,667.0,121.0,230.0,40.0,105.0,81.0,84.0,66.0,75.0,88.0,121.0,84.0,56.0,126.0,50.0,79.0,70.0,74.0,82.0,126.0,107.0,209.0,194.0,87.0,61.0,139.0,47,157,008600,47157008600
1537,4494.0,4333.0,1992.0,246.0,531.0,1464.0,658.0,197.0,128.0,100.0,53100.0,373.0,27467.0,1497.0,518.0,93.0,222.0,83.0,108.0,193.0,75.0,61.0,87.0,75.0,24.0,124.0,85.0,142.0,108.0,49.0,51.0,82.0,6.0,85.0,75.0,117.0,31.0,7.0,9.0,0.0,47,157,008700,47157008700
1538,6196.0,6007.0,2471.0,500.0,969.0,1798.0,566.0,182.0,129.0,22.0,42800.0,389.0,23117.0,1875.0,579.0,191.0,172.0,151.0,108.0,232.0,133.0,210.0,156.0,89.0,141.0,175.0,113.0,71.0,61.0,101.0,76.0,57.0,48.0,88.0,24.0,50.0,16.0,8.0,0.0,0.0,47,157,008800,47157008800
1539,4974.0,3122.0,1823.0,331.0,825.0,1033.0,525.0,95.0,58.0,58.0,41300.0,351.0,20531.0,935.0,959.0,95.0,317.0,131.0,87.0,126.0,126.0,139.0,104.0,136.0,111.0,110.0,17.0,67.0,30.0,47.0,27.0,23.0,13.0,20.0,44.0,33.0,20.0,0.0,0.0,0.0,47,157,008900,47157008900
1540,2444.0,4.0,844.0,440.0,373.0,382.0,160.0,40.0,13.0,24.0,25800.0,270.0,12247.0,483.0,338.0,223.0,119.0,89.0,59.0,74.0,53.0,18.0,42.0,34.0,13.0,26.0,15.0,15.0,5.0,5.0,6.0,16.0,5.0,12.0,7.0,8.0,0.0,0.0,0.0,0.0,47,157,009000,47157009000
1541,2374.0,2293.0,939.0,147.0,387.0,639.0,317.0,35.0,68.0,38.0,50800.0,376.0,25788.0,706.0,267.0,40.0,61.0,78.0,58.0,52.0,81.0,66.0,19.0,46.0,32.0,63.0,67.0,29.0,6.0,81.0,38.0,29.0,5.0,25.0,20.0,6.0,25.0,5.0,0.0,7.0,47,157,009100,47157009100
1542,6260.0,6060.0,2635.0,147.0,341.0,1190.0,1280.0,159.0,991.0,670.0,88600.0,542.0,38089.0,2378.0,258.0,73.0,141.0,127.0,75.0,84.0,134.0,45.0,73.0,75.0,107.0,174.0,89.0,92.0,121.0,70.0,99.0,93.0,50.0,166.0,129.0,304.0,143.0,80.0,36.0,55.0,47,157,009200,47157009200
1543,4641.0,4454.0,2126.0,113.0,322.0,1106.0,922.0,128.0,670.0,342.0,65300.0,552.0,31993.0,1760.0,365.0,58.0,75.0,96.0,92.0,135.0,91.0,160.0,76.0,75.0,146.0,74.0,88.0,75.0,71.0,73.0,69.0,119.0,12.0,108.0,156.0,89.0,94.0,48.0,8.0,38.0,47,157,009300,47157009300
1544,3489.0,3436.0,1662.0,130.0,292.0,837.0,785.0,95.0,358.0,267.0,64900.0,459.0,29846.0,1301.0,367.0,96.0,134.0,54.0,56.0,47.0,77.0,60.0,115.0,85.0,114.0,113.0,78.0,43.0,76.0,64.0,49.0,32.0,31.0,111.0,42.0,122.0,45.0,9.0,0.0,9.0,47,157,009400,47157009400
1545,6975.0,6625.0,3006.0,213.0,529.0,1269.0,1480.0,113.0,1123.0,634.0,75100.0,563.0,35664.0,2516.0,549.0,63.0,205.0,140.0,98.0,84.0,115.0,119.0,100.0,133.0,93.0,181.0,138.0,128.0,73.0,98.0,120.0,96.0,67.0,177.0,140.0,295.0,170.0,118.0,0.0,55.0,47,157,009500,47157009500
1546,5026.0,4867.0,2012.0,29.0,147.0,477.0,972.0,200.0,1072.0,778.0,150200.0,597.0,60597.0,1708.0,264.0,34.0,57.0,93.0,28.0,52.0,56.0,35.0,84.0,52.0,19.0,32.0,39.0,55.0,62.0,68.0,7.0,53.0,23.0,78.0,68.0,221.0,237.0,202.0,110.0,247.0,47,157,009600,47157009600
1547,2533.0,2384.0,1093.0,113.0,338.0,634.0,395.0,71.0,141.0,72.0,58900.0,426.0,33523.0,802.0,238.0,38.0,21.0,45.0,55.0,38.0,51.0,53.0,62.0,56.0,68.0,37.0,55.0,60.0,70.0,72.0,54.0,24.0,21.0,93.0,10.0,63.0,34.0,13.0,0.0,0.0,47,157,009700,47157009700
1548,3061.0,2973.0,1267.0,125.0,376.0,958.0,427.0,110.0,148.0,48.0,53300.0,462.0,28449.0,971.0,317.0,41.0,88.0,84.0,55.0,63.0,56.0,63.0,64.0,88.0,83.0,49.0,57.0,48.0,36.0,73.0,39.0,49.0,45.0,33.0,31.0,60.0,41.0,7.0,7.0,7.0,47,157,009800,47157009800
1549,8014.0,5448.0,3090.0,506.0,1414.0,1898.0,711.0,168.0,140.0,101.0,39100.0,351.0,20307.0,1784.0,1268.0,312.0,377.0,218.0,258.0,169.0,184.0,220.0,162.0,181.0,140.0,135.0,75.0,156.0,51.0,88.0,38.0,46.0,45.0,121.0,25.0,73.0,16.0,0.0,0.0,0.0,47,157,009900,47157009900
1550,6906.0,3617.0,2425.0,355.0,753.0,1465.0,1053.0,150.0,219.0,116.0,48200.0,384.0,26454.0,1815.0,553.0,125.0,179.0,155.0,121.0,172.0,126.0,180.0,94.0,104.0,59.0,202.0,96.0,81.0,53.0,131.0,77.0,89.0,35.0,157.0,70.0,81.0,8.0,9.0,21.0,0.0,47,157,010000,47157010000
1551,7590.0,3947.0,2826.0,409.0,1037.0,1505.0,927.0,174.0,242.0,103.0,44600.0,358.0,18871.0,1535.0,1253.0,450.0,309.0,229.0,164.0,165.0,175.0,84.0,156.0,136.0,80.0,113.0,60.0,116.0,91.0,59.0,49.0,107.0,45.0,101.0,57.0,48.0,20.0,12.0,0.0,0.0,47,157,010110,47157010110
1552,6201.0,3415.0,2222.0,393.0,799.0,1437.0,619.0,150.0,195.0,44.0,43200.0,340.0,21019.0,1292.0,997.0,163.0,239.0,163.0,110.0,219.0,164.0,130.0,105.0,168.0,100.0,156.0,98.0,73.0,34.0,61.0,33.0,30.0,16.0,68.0,29.0,43.0,20.0,0.0,0.0,0.0,47,157,010120,47157010120
1553,6247.0,2656.0,2031.0,330.0,606.0,1366.0,722.0,224.0,145.0,79.0,45200.0,430.0,23425.0,1452.0,593.0,112.0,144.0,227.0,94.0,141.0,62.0,197.0,104.0,98.0,51.0,164.0,50.0,90.0,68.0,42.0,78.0,31.0,61.0,73.0,45.0,65.0,34.0,0.0,0.0,0.0,47,157,010210,47157010210
1554,7672.0,3839.0,2620.0,448.0,700.0,1561.0,1129.0,257.0,441.0,167.0,52300.0,355.0,29780.0,1943.0,694.0,141.0,186.0,97.0,119.0,167.0,104.0,118.0,126.0,117.0,148.0,129.0,144.0,138.0,116.0,105.0,77.0,74.0,102.0,161.0,86.0,95.0,63.0,7.0,0.0,0.0,47,157,010220,47157010220
1555,2203.0,51.0,542.0,234.0,377.0,301.0,96.0,32.0,16.0,0.0,30900.0,347.0,15645.0,374.0,222.0,99.0,50.0,90.0,24.0,31.0,52.0,48.0,25.0,35.0,8.0,29.0,12.0,23.0,0.0,0.0,0.0,0.0,0.0,5.0,4.0,0.0,7.0,0.0,0.0,0.0,47,157,010300,47157010300
1556,606.0,606.0,415.0,70.0,157.0,186.0,91.0,17.0,31.0,9.0,87500.0,179.0,18352.0,297.0,63.0,37.0,60.0,21.0,49.0,33.0,22.0,31.0,20.0,7.0,14.0,13.0,0.0,28.0,20.0,9.0,0.0,14.0,0.0,0.0,14.0,14.0,0.0,0.0,0.0,9.0,47,157,010410,47157010410
1557,396.0,117.0,178.0,18.0,44.0,50.0,60.0,9.0,32.0,0.0,80000.0,410.0,21100.0,33.0,118.0,39.0,18.0,11.0,0.0,0.0,10.0,25.0,8.0,0.0,21.0,14.0,0.0,12.0,0.0,0.0,0.0,0.0,9.0,0.0,0.0,0.0,0.0,0.0,11.0,0.0,47,157,010420,47157010420
1558,4991.0,1013.0,1334.0,320.0,661.0,684.0,405.0,70.0,73.0,11.0,42000.0,360.0,16148.0,258.0,1093.0,230.0,231.0,95.0,49.0,135.0,69.0,83.0,54.0,98.0,35.0,61.0,35.0,46.0,0.0,40.0,24.0,6.0,7.0,11.0,7.0,13.0,5.0,0.0,0.0,0.0,47,157,010500,47157010500
1559,5542.0,4149.0,2229.0,255.0,375.0,1349.0,985.0,142.0,359.0,127.0,55900.0,401.0,28131.0,1291.0,929.0,142.0,94.0,111.0,143.0,116.0,77.0,146.0,88.0,170.0,109.0,128.0,108.0,87.0,127.0,85.0,42.0,38.0,43.0,122.0,66.0,140.0,47.0,0.0,0.0,0.0,47,157,010610,47157010610
1560,3665.0,1181.0,1418.0,54.0,196.0,729.0,554.0,167.0,241.0,78.0,59500.0,440.0,22410.0,309.0,1084.0,94.0,89.0,69.0,124.0,136.0,63.0,139.0,36.0,96.0,55.0,103.0,42.0,93.0,53.0,13.0,44.0,42.0,26.0,36.0,23.0,39.0,3.0,0.0,0.0,0.0,47,157,010620,47157010620
1561,5140.0,2626.0,2204.0,95.0,227.0,1235.0,929.0,109.0,348.0,27.0,64600.0,406.0,22366.0,437.0,1778.0,98.0,128.0,182.0,116.0,288.0,113.0,187.0,150.0,148.0,82.0,139.0,64.0,66.0,54.0,64.0,35.0,50.0,59.0,64.0,40.0,67.0,0.0,7.0,0.0,3.0,47,157,010630,47157010630
1562,4043.0,3856.0,1591.0,58.0,344.0,1035.0,805.0,184.0,384.0,141.0,68200.0,607.0,38583.0,1439.0,127.0,60.0,85.0,13.0,26.0,52.0,43.0,18.0,34.0,105.0,58.0,109.0,79.0,68.0,105.0,107.0,71.0,61.0,44.0,118.0,58.0,160.0,105.0,7.0,0.0,5.0,47,157,010710,47157010710
1563,3080.0,2904.0,1490.0,18.0,168.0,664.0,638.0,151.0,419.0,182.0,88300.0,452.0,32337.0,669.0,856.0,14.0,58.0,72.0,54.0,75.0,119.0,83.0,50.0,71.0,63.0,92.0,46.0,75.0,40.0,88.0,48.0,31.0,37.0,73.0,13.0,135.0,96.0,34.0,11.0,12.0,47,157,010720,47157010720
1564,5250.0,4590.0,2182.0,118.0,461.0,1219.0,993.0,143.0,454.0,199.0,69100.0,497.0,34049.0,1216.0,932.0,14.0,138.0,82.0,68.0,88.0,109.0,124.0,116.0,79.0,103.0,100.0,113.0,119.0,73.0,93.0,129.0,124.0,55.0,106.0,93.0,144.0,79.0,25.0,0.0,8.0,47,157,010810,47157010810
1565,3565.0,3259.0,1419.0,52.0,196.0,902.0,657.0,111.0,415.0,305.0,89500.0,554.0,41475.0,1145.0,308.0,11.0,24.0,18.0,32.0,68.0,37.0,67.0,36.0,58.0,33.0,97.0,39.0,85.0,75.0,50.0,70.0,56.0,43.0,91.0,84.0,177.0,95.0,61.0,8.0,4.0,47,157,010820,47157010820
1566,3257.0,2109.0,1360.0,61.0,122.0,731.0,769.0,103.0,259.0,77.0,65100.0,494.0,30514.0,631.0,694.0,25.0,51.0,60.0,29.0,85.0,58.0,69.0,98.0,101.0,74.0,146.0,67.0,43.0,56.0,55.0,61.0,54.0,41.0,54.0,6.0,73.0,42.0,12.0,0.0,0.0,47,157,010900,47157010900
1567,4700.0,3465.0,1919.0,345.0,718.0,1114.0,600.0,139.0,188.0,96.0,57000.0,525.0,27490.0,1519.0,352.0,144.0,125.0,114.0,108.0,89.0,72.0,82.0,97.0,129.0,99.0,133.0,97.0,54.0,21.0,94.0,42.0,86.0,96.0,68.0,37.0,61.0,65.0,0.0,0.0,6.0,47,157,011010,47157011010
1568,2721.0,582.0,1031.0,103.0,157.0,411.0,508.0,102.0,180.0,24.0,55200.0,450.0,23558.0,338.0,748.0,52.0,51.0,37.0,89.0,96.0,54.0,109.0,65.0,75.0,16.0,74.0,38.0,30.0,26.0,35.0,31.0,22.0,34.0,31.0,38.0,28.0,0.0,0.0,0.0,0.0,47,157,011020,47157011020
1569,7864.0,5992.0,2425.0,325.0,820.0,1534.0,1036.0,275.0,202.0,170.0,51300.0,499.0,31787.0,1858.0,566.0,243.0,128.0,92.0,67.0,98.0,68.0,80.0,84.0,109.0,162.0,114.0,91.0,131.0,104.0,70.0,78.0,79.0,41.0,117.0,120.0,211.0,71.0,23.0,9.0,35.0,47,157,020100,47157020100
1570,5857.0,4376.0,1931.0,272.0,549.0,1216.0,848.0,232.0,178.0,50.0,59600.0,407.0,27122.0,1285.0,677.0,94.0,207.0,119.0,54.0,74.0,115.0,74.0,119.0,129.0,134.0,87.0,61.0,125.0,91.0,51.0,47.0,59.0,22.0,93.0,67.0,69.0,24.0,0.0,0.0,16.0,47,157,020210,47157020210
1571,4183.0,3291.0,1404.0,269.0,425.0,803.0,610.0,129.0,240.0,107.0,73200.0,409.0,34912.0,1097.0,279.0,27.0,80.0,66.0,21.0,121.0,70.0,37.0,53.0,31.0,66.0,75.0,57.0,32.0,64.0,32.0,34.0,59.0,71.0,106.0,77.0,135.0,55.0,9.0,13.0,13.0,47,157,020220,47157020220
1572,6882.0,5442.0,2556.0,238.0,388.0,1602.0,982.0,216.0,277.0,106.0,61800.0,342.0,23848.0,1108.0,1436.0,128.0,290.0,153.0,140.0,151.0,152.0,168.0,178.0,140.0,86.0,114.0,63.0,110.0,51.0,75.0,46.0,69.0,57.0,114.0,50.0,140.0,63.0,18.0,0.0,0.0,47,157,020300,47157020300
1573,9673.0,7182.0,1142.0,39.0,134.0,903.0,781.0,202.0,180.0,68.0,87500.0,377.0,22967.0,5.0,1115.0,0.0,17.0,33.0,98.0,106.0,126.0,171.0,107.0,90.0,66.0,42.0,45.0,62.0,16.0,30.0,23.0,7.0,19.0,32.0,0.0,41.0,11.0,0.0,0.0,0.0,47,157,020400,47157020400
1574,8477.0,5325.0,3570.0,419.0,729.0,1492.0,1280.0,269.0,834.0,429.0,79200.0,387.0,26529.0,1689.0,1916.0,233.0,408.0,169.0,169.0,181.0,162.0,193.0,144.0,206.0,60.0,198.0,139.0,104.0,128.0,84.0,90.0,88.0,42.0,182.0,84.0,236.0,119.0,100.0,18.0,33.0,47,157,020510,47157020510
1575,12487.0,7209.0,3978.0,360.0,871.0,2373.0,1886.0,488.0,467.0,219.0,50500.0,475.0,28866.0,2761.0,1210.0,153.0,166.0,114.0,147.0,249.0,219.0,266.0,190.0,361.0,227.0,253.0,203.0,220.0,149.0,193.0,129.0,85.0,88.0,251.0,81.0,149.0,63.0,22.0,0.0,0.0,47,157,020520,47157020520
1576,7283.0,6364.0,2616.0,187.0,569.0,1241.0,1283.0,424.0,689.0,332.0,73300.0,421.0,34196.0,1904.0,725.0,108.0,69.0,88.0,104.0,154.0,120.0,124.0,72.0,139.0,97.0,176.0,84.0,126.0,101.0,124.0,63.0,95.0,96.0,190.0,100.0,176.0,122.0,46.0,0.0,42.0,47,157,020530,47157020530
1577,9445.0,8111.0,4029.0,126.0,630.0,2023.0,1640.0,297.0,964.0,385.0,77600.0,461.0,30233.0,1817.0,2166.0,148.0,208.0,194.0,137.0,215.0,146.0,245.0,220.0,349.0,135.0,188.0,140.0,151.0,163.0,230.0,67.0,107.0,89.0,200.0,128.0,313.0,209.0,36.0,0.0,11.0,47,157,020540,47157020540
1578,3376.0,3024.0,1460.0,46.0,145.0,510.0,626.0,157.0,513.0,244.0,83900.0,504.0,34525.0,604.0,880.0,7.0,45.0,37.0,51.0,55.0,53.0,67.0,71.0,91.0,54.0,135.0,79.0,59.0,73.0,31.0,35.0,82.0,63.0,132.0,69.0,74.0,77.0,7.0,0.0,13.0,47,157,020610,47157020610
1579,11084.0,10189.0,4331.0,163.0,533.0,2188.0,1842.0,551.0,1146.0,738.0,91400.0,472.0,39067.0,2540.0,1738.0,134.0,136.0,38.0,130.0,124.0,122.0,287.0,80.0,149.0,211.0,292.0,159.0,180.0,197.0,176.0,133.0,222.0,107.0,314.0,218.0,481.0,318.0,60.0,18.0,45.0,47,157,020620,47157020620
1580,8705.0,8255.0,2762.0,151.0,375.0,1706.0,1522.0,433.0,764.0,186.0,86600.0,675.0,45682.0,2534.0,214.0,68.0,54.0,43.0,60.0,23.0,53.0,98.0,83.0,50.0,92.0,93.0,89.0,157.0,102.0,107.0,173.0,132.0,160.0,264.0,215.0,339.0,225.0,56.0,8.0,18.0,47,157,020630,47157020630
1581,7904.0,6922.0,2652.0,227.0,589.0,1477.0,1180.0,274.0,760.0,358.0,89300.0,133.0,42067.0,2215.0,420.0,195.0,224.0,28.0,9.0,63.0,21.0,31.0,68.0,84.0,52.0,111.0,71.0,111.0,129.0,156.0,58.0,116.0,47.0,202.0,192.0,399.0,210.0,17.0,8.0,50.0,47,157,020640,47157020640
1582,12704.0,12047.0,4075.0,192.0,591.0,2208.0,2268.0,571.0,1306.0,645.0,87500.0,607.0,46571.0,3670.0,496.0,41.0,81.0,54.0,92.0,55.0,64.0,66.0,50.0,172.0,100.0,85.0,180.0,174.0,209.0,205.0,243.0,265.0,171.0,347.0,298.0,594.0,373.0,89.0,42.0,25.0,47,157,020650,47157020650
1583,1809.0,1398.0,600.0,123.0,164.0,522.0,223.0,65.0,68.0,70.0,94300.0,293.0,36500.0,540.0,119.0,34.0,33.0,11.0,6.0,42.0,24.0,61.0,12.0,2.0,14.0,27.0,19.0,25.0,44.0,24.0,6.0,23.0,23.0,68.0,20.0,56.0,14.0,6.0,6.0,0.0,47,157,020700,47157020700
1584,8103.0,6148.0,2666.0,491.0,639.0,1600.0,1200.0,195.0,705.0,371.0,115400.0,368.0,40319.0,2291.0,339.0,113.0,232.0,50.0,52.0,142.0,39.0,102.0,65.0,96.0,82.0,97.0,64.0,121.0,66.0,94.0,95.0,88.0,54.0,153.0,140.0,260.0,224.0,105.0,56.0,76.0,47,157,020800,47157020800
1585,1561.0,1017.0,364.0,404.0,178.0,223.0,115.0,21.0,56.0,13.0,55800.0,367.0,29808.0,290.0,69.0,30.0,15.0,15.0,16.0,20.0,17.0,25.0,20.0,12.0,13.0,20.0,10.0,24.0,18.0,27.0,4.0,9.0,6.0,22.0,17.0,17.0,2.0,0.0,3.0,2.0,47,157,020900,47157020900
1586,3658.0,2961.0,1198.0,161.0,299.0,649.0,585.0,124.0,296.0,239.0,150800.0,244.0,50416.0,1020.0,172.0,42.0,56.0,45.0,24.0,31.0,39.0,16.0,14.0,40.0,37.0,31.0,29.0,81.0,15.0,0.0,26.0,39.0,26.0,86.0,105.0,163.0,81.0,93.0,47.0,32.0,47,157,021000,47157021000
1587,10518.0,9470.0,3802.0,134.0,601.0,1850.0,1885.0,546.0,899.0,310.0,72500.0,522.0,35500.0,2711.0,1064.0,107.0,98.0,87.0,98.0,181.0,143.0,197.0,130.0,164.0,179.0,272.0,188.0,285.0,207.0,175.0,152.0,181.0,141.0,190.0,191.0,336.0,71.0,11.0,18.0,0.0,47,157,021110,47157021110
1588,9678.0,8495.0,4257.0,269.0,662.0,1317.0,1563.0,418.0,1473.0,608.0,76600.0,472.0,32038.0,1716.0,2561.0,143.0,156.0,153.0,118.0,195.0,363.0,258.0,165.0,241.0,202.0,165.0,181.0,270.0,117.0,190.0,82.0,177.0,102.0,190.0,167.0,315.0,228.0,36.0,17.0,26.0,47,157,021120,47157021120
1589,7328.0,6843.0,2669.0,31.0,126.0,711.0,1359.0,271.0,1579.0,754.0,118900.0,467.0,58267.0,2370.0,288.0,41.0,41.0,31.0,11.0,47.0,41.0,65.0,45.0,43.0,45.0,88.0,70.0,45.0,138.0,92.0,44.0,135.0,79.0,137.0,143.0,522.0,402.0,213.0,48.0,103.0,47,157,021131,47157021131
1590,4127.0,3857.0,1650.0,49.0,68.0,393.0,715.0,144.0,909.0,448.0,126800.0,555.0,50319.0,1026.0,636.0,43.0,12.0,15.0,41.0,16.0,42.0,58.0,45.0,15.0,51.0,73.0,51.0,75.0,56.0,23.0,59.0,81.0,62.0,99.0,80.0,290.0,247.0,86.0,20.0,10.0,47,157,021132,47157021132
1591,5128.0,4901.0,2055.0,30.0,90.0,460.0,753.0,212.0,1156.0,662.0,137500.0,526.0,54198.0,1333.0,697.0,14.0,32.0,36.0,20.0,38.0,42.0,51.0,63.0,65.0,44.0,73.0,32.0,60.0,68.0,70.0,38.0,83.0,72.0,148.0,130.0,307.0,276.0,124.0,64.0,105.0,47,157,021133,47157021133
1592,4579.0,1135.0,0.0,454.0,899.0,981.0,1104.0,200.0,179.0,51.0,0.0,0.0,0.0,0.0,0.0,0.0,0.0,0.0,0.0,0.0,0.0,0.0,0.0,0.0,0.0,0.0,0.0,0.0,0.0,0.0,0.0,0.0,0.0,0.0,0.0,0.0,0.0,0.0,0.0,0.0,47,157,021200,47157021200
1593,5433.0,5062.0,2371.0,49.0,116.0,562.0,903.0,128.0,1103.0,944.0,221300.0,443.0,50941.0,1315.0,1101.0,93.0,140.0,68.0,31.0,94.0,92.0,70.0,69.0,88.0,70.0,38.0,43.0,23.0,56.0,101.0,33.0,25.0,35.0,82.0,118.0,211.0,135.0,208.0,79.0,369.0,47,157,021310,47157021310
1594,6875.0,6463.0,2820.0,126.0,206.0,680.0,1226.0,215.0,1521.0,817.0,186200.0,562.0,44663.0,1444.0,1402.0,48.0,128.0,94.0,72.0,94.0,90.0,136.0,83.0,103.0,81.0,95.0,58.0,105.0,83.0,95.0,52.0,96.0,26.0,81.0,104.0,267.0,223.0,222.0,87.0,297.0,47,157,021320,47157021320
1595,10274.0,9440.0,4373.0,181.0,329.0,1354.0,2048.0,318.0,1925.0,1044.0,107700.0,541.0,42510.0,2730.0,1609.0,46.0,61.0,107.0,65.0,134.0,155.0,102.0,173.0,217.0,145.0,281.0,213.0,232.0,125.0,130.0,122.0,66.0,110.0,316.0,174.0,559.0,434.0,196.0,79.0,131.0,47,157,021330,47157021330
1596,8574.0,8117.0,2759.0,41.0,133.0,674.0,1319.0,386.0,1929.0,779.0,172200.0,474.0,74066.0,2391.0,342.0,23.0,30.0,6.0,43.0,57.0,10.0,33.0,23.0,50.0,51.0,40.0,37.0,29.0,26.0,62.0,45.0,43.0,34.0,212.0,131.0,415.0,543.0,328.0,141.0,347.0,47,157,021340,47157021340
1597,4322.0,4085.0,1537.0,6.0,67.0,396.0,785.0,170.0,850.0,502.0,119600.0,632.0,59288.0,1172.0,385.0,19.0,33.0,4.0,31.0,43.0,39.0,40.0,29.0,44.0,50.0,37.0,11.0,28.0,23.0,57.0,13.0,61.0,29.0,94.0,96.0,252.0,331.0,100.0,20.0,53.0,47,157,021351,47157021351
1598,7206.0,6818.0,2182.0,8.0,67.0,435.0,1028.0,209.0,1669.0,868.0,148900.0,1001.0,73028.0,2112.0,92.0,0.0,0.0,9.0,18.0,10.0,0.0,18.0,15.0,0.0,23.0,42.0,18.0,24.0,25.0,53.0,14.0,42.0,62.0,122.0,145.0,501.0,403.0,212.0,149.0,277.0,47,157,021352,47157021352
1599,4354.0,4155.0,1254.0,7.0,60.0,263.0,534.0,100.0,1033.0,499.0,209000.0,497.0,85271.0,1227.0,19.0,27.0,5.0,5.0,0.0,0.0,0.0,35.0,0.0,0.0,0.0,7.0,0.0,0.0,0.0,0.0,28.0,46.0,14.0,68.0,29.0,224.0,277.0,192.0,90.0,207.0,47,157,021353,47157021353
1600,0.0,0.0,0.0,0.0,0.0,0.0,0.0,0.0,0.0,0.0,0.0,0.0,0.0,0.0,0.0,0.0,0.0,0.0,0.0,0.0,0.0,0.0,0.0,0.0,0.0,0.0,0.0,0.0,0.0,0.0,0.0,0.0,0.0,0.0,0.0,0.0,0.0,0.0,0.0,0.0,47,157,021355,47157021355
1601,2521.0,2412.0,872.0,21.0,46.0,240.0,445.0,77.0,542.0,320.0,125100.0,297.0,67658.0,860.0,19.0,8.0,6.0,6.0,0.0,5.0,23.0,23.0,23.0,7.0,13.0,11.0,6.0,10.0,29.0,8.0,16.0,23.0,16.0,55.0,51.0,166.0,179.0,78.0,36.0,74.0,47,157,021410,47157021410
1602,3180.0,2925.0,1046.0,12.0,67.0,373.0,515.0,111.0,556.0,414.0,136300.0,1001.0,65061.0,985.0,63.0,20.0,0.0,23.0,0.0,12.0,18.0,0.0,11.0,33.0,11.0,52.0,12.0,13.0,19.0,30.0,22.0,27.0,50.0,68.0,34.0,169.0,213.0,59.0,56.0,94.0,47,157,021420,47157021420
1603,3949.0,3739.0,1421.0,40.0,41.0,399.0,679.0,128.0,867.0,454.0,128800.0,650.0,54642.0,1162.0,267.0,24.0,5.0,13.0,9.0,0.0,28.0,61.0,28.0,24.0,40.0,47.0,29.0,45.0,39.0,54.0,39.0,43.0,56.0,135.0,53.0,225.0,182.0,108.0,37.0,97.0,47,157,021430,47157021430
1604,5196.0,4843.0,1612.0,146.0,215.0,691.0,757.0,203.0,901.0,353.0,153700.0,242.0,66251.0,1481.0,112.0,31.0,35.0,21.0,21.0,16.0,17.0,22.0,19.0,18.0,5.0,22.0,27.0,39.0,53.0,25.0,14.0,46.0,40.0,116.0,84.0,277.0,281.0,156.0,46.0,181.0,47,157,021500,47157021500
1605,9243.0,8902.0,2730.0,232.0,469.0,1497.0,1514.0,333.0,925.0,392.0,101800.0,671.0,51589.0,2514.0,206.0,59.0,58.0,50.0,22.0,27.0,20.0,33.0,34.0,77.0,108.0,103.0,40.0,172.0,113.0,141.0,84.0,59.0,47.0,331.0,240.0,481.0,286.0,90.0,22.0,33.0,47,157,021610,47157021610
1606,3060.0,1524.0,1107.0,285.0,432.0,620.0,246.0,48.0,165.0,60.0,54800.0,392.0,23893.0,611.0,524.0,121.0,119.0,68.0,54.0,39.0,73.0,60.0,35.0,47.0,51.0,23.0,61.0,49.0,43.0,44.0,14.0,17.0,16.0,43.0,15.0,80.0,21.0,7.0,7.0,0.0,47,157,021620,47157021620
1607,2566.0,2103.0,1292.0,32.0,94.0,519.0,477.0,130.0,388.0,85.0,85300.0,486.0,31386.0,385.0,934.0,18.0,22.0,36.0,43.0,63.0,55.0,71.0,94.0,120.0,73.0,92.0,33.0,85.0,71.0,70.0,36.0,43.0,44.0,32.0,52.0,67.0,21.0,36.0,8.0,7.0,47,157,021710,47157021710
1608,3806.0,3085.0,1878.0,54.0,217.0,724.0,714.0,153.0,452.0,252.0,84200.0,517.0,29094.0,409.0,1445.0,109.0,82.0,61.0,91.0,117.0,82.0,104.0,90.0,159.0,69.0,124.0,54.0,83.0,100.0,74.0,48.0,71.0,44.0,56.0,32.0,153.0,56.0,19.0,0.0,0.0,47,157,021721,47157021721
1609,8462.0,7105.0,4727.0,142.0,459.0,1305.0,1588.0,411.0,1496.0,608.0,74800.0,510.0,31116.0,951.0,3750.0,211.0,229.0,182.0,102.0,286.0,254.0,314.0,226.0,241.0,198.0,270.0,202.0,244.0,195.0,328.0,168.0,177.0,108.0,238.0,93.0,271.0,127.0,33.0,14.0,16.0,47,157,021722,47157021722
1610,8970.0,6392.0,3737.0,143.0,468.0,1306.0,1831.0,443.0,1001.0,406.0,74000.0,521.0,35205.0,1505.0,2206.0,148.0,128.0,110.0,109.0,153.0,117.0,174.0,177.0,167.0,105.0,244.0,215.0,262.0,223.0,204.0,92.0,212.0,148.0,195.0,196.0,216.0,98.0,26.0,10.0,8.0,47,157,021730,47157021730
1611,7131.0,6257.0,2485.0,17.0,311.0,1253.0,1360.0,383.0,689.0,332.0,70500.0,733.0,41688.0,2212.0,286.0,18.0,16.0,16.0,0.0,46.0,29.0,67.0,73.0,152.0,181.0,225.0,42.0,139.0,96.0,211.0,180.0,123.0,109.0,224.0,125.0,275.0,86.0,36.0,16.0,0.0,47,157,021741,47157021741
1612,7604.0,6754.0,2837.0,15.0,143.0,1147.0,1530.0,454.0,1316.0,144.0,85900.0,576.0,45795.0,2232.0,558.0,23.0,35.0,10.0,33.0,41.0,88.0,28.0,93.0,86.0,37.0,199.0,106.0,134.0,143.0,187.0,110.0,206.0,170.0,284.0,161.0,361.0,181.0,53.0,14.0,54.0,47,157,021742,47157021742
1613,6923.0,6020.0,2275.0,21.0,199.0,1007.0,1357.0,317.0,1108.0,309.0,104500.0,925.0,53297.0,2175.0,98.0,18.0,9.0,32.0,8.0,0.0,20.0,46.0,16.0,26.0,27.0,100.0,61.0,91.0,46.0,102.0,96.0,110.0,134.0,281.0,235.0,410.0,296.0,79.0,18.0,14.0,47,157,021743,47157021743
1614,6738.0,5951.0,2368.0,65.0,263.0,920.0,1173.0,416.0,1184.0,247.0,97000.0,615.0,51092.0,2090.0,260.0,58.0,35.0,10.0,27.0,25.0,20.0,48.0,26.0,42.0,22.0,72.0,84.0,105.0,67.0,79.0,99.0,195.0,98.0,288.0,186.0,522.0,168.0,53.0,30.0,9.0,47,157,021750,47157021750
1615,6048.0,472.0,1802.0,176.0,506.0,973.0,822.0,222.0,257.0,183.0,53600.0,468.0,30028.0,1512.0,297.0,130.0,114.0,69.0,56.0,56.0,95.0,123.0,81.0,83.0,93.0,90.0,74.0,79.0,115.0,107.0,52.0,70.0,56.0,70.0,40.0,95.0,41.0,13.0,0.0,0.0,47,157,021900,47157021900
1616,5249.0,1131.0,1782.0,189.0,366.0,965.0,668.0,152.0,319.0,290.0,69000.0,400.0,28029.0,1050.0,715.0,126.0,103.0,75.0,85.0,179.0,101.0,74.0,59.0,71.0,85.0,95.0,85.0,70.0,43.0,65.0,18.0,74.0,20.0,60.0,33.0,136.0,84.0,34.0,0.0,7.0,47,157,022010,47157022010
1617,7227.0,1496.0,2919.0,265.0,607.0,1301.0,1140.0,338.0,480.0,357.0,71100.0,428.0,26346.0,1359.0,1566.0,252.0,179.0,54.0,126.0,169.0,174.0,203.0,183.0,222.0,67.0,194.0,78.0,123.0,87.0,162.0,57.0,32.0,77.0,123.0,98.0,168.0,78.0,0.0,0.0,13.0,47,157,022021,47157022021
1618,6889.0,481.0,2254.0,193.0,569.0,1120.0,747.0,271.0,216.0,103.0,64400.0,381.0,19117.0,513.0,1762.0,224.0,277.0,165.0,142.0,222.0,150.0,170.0,130.0,109.0,104.0,54.0,71.0,81.0,62.0,38.0,46.0,21.0,19.0,34.0,31.0,51.0,45.0,0.0,8.0,0.0,47,157,022022,47157022022
1619,5582.0,1385.0,2246.0,271.0,567.0,886.0,878.0,118.0,413.0,226.0,64900.0,410.0,21620.0,782.0,1466.0,376.0,254.0,86.0,111.0,125.0,79.0,142.0,103.0,109.0,90.0,93.0,74.0,56.0,48.0,100.0,80.0,20.0,79.0,78.0,29.0,63.0,9.0,32.0,0.0,10.0,47,157,022111,47157022111
1620,6136.0,1047.0,2194.0,171.0,350.0,912.0,1088.0,162.0,478.0,170.0,68600.0,391.0,25217.0,927.0,1295.0,155.0,174.0,165.0,93.0,124.0,95.0,166.0,115.0,115.0,57.0,118.0,77.0,75.0,104.0,51.0,82.0,51.0,18.0,134.0,34.0,122.0,41.0,26.0,2.0,0.0,47,157,022112,47157022112
1621,9150.0,2436.0,3361.0,250.0,631.0,1734.0,1454.0,243.0,868.0,362.0,69200.0,438.0,34275.0,2197.0,1135.0,109.0,172.0,97.0,108.0,131.0,120.0,205.0,121.0,227.0,143.0,163.0,119.0,166.0,184.0,154.0,118.0,110.0,78.0,106.0,155.0,274.0,241.0,30.0,11.0,19.0,47,157,022120,47157022120
1622,6493.0,1724.0,2193.0,170.0,416.0,1002.0,1144.0,282.0,586.0,201.0,64600.0,468.0,34688.0,1607.0,628.0,131.0,103.0,45.0,98.0,59.0,85.0,104.0,57.0,127.0,91.0,144.0,60.0,128.0,114.0,79.0,81.0,76.0,9.0,146.0,85.0,264.0,70.0,24.0,13.0,0.0,47,157,022130,47157022130
1623,5875.0,216.0,1600.0,647.0,865.0,895.0,570.0,106.0,167.0,60.0,44600.0,382.0,22130.0,1412.0,210.0,132.0,151.0,130.0,103.0,84.0,85.0,135.0,34.0,99.0,43.0,46.0,61.0,92.0,58.0,69.0,10.0,56.0,33.0,65.0,7.0,73.0,34.0,0.0,0.0,0.0,47,157,022210,47157022210
1624,5249.0,155.0,1732.0,675.0,843.0,867.0,566.0,95.0,170.0,51.0,37400.0,339.0,16847.0,1355.0,358.0,179.0,342.0,151.0,112.0,111.0,60.0,78.0,97.0,49.0,52.0,52.0,35.0,61.0,48.0,39.0,33.0,31.0,43.0,58.0,27.0,56.0,9.0,9.0,0.0,0.0,47,157,022220,47157022220
1625,7874.0,69.0,2242.0,706.0,1181.0,1236.0,689.0,65.0,165.0,43.0,42100.0,200.0,16399.0,1627.0,600.0,392.0,299.0,224.0,145.0,109.0,126.0,121.0,87.0,96.0,79.0,92.0,77.0,22.0,32.0,51.0,34.0,23.0,25.0,75.0,29.0,87.0,9.0,0.0,8.0,0.0,47,157,022310,47157022310
1626,9370.0,559.0,2868.0,384.0,855.0,1554.0,1356.0,390.0,486.0,314.0,53600.0,457.0,30877.0,2409.0,441.0,217.0,167.0,95.0,88.0,113.0,150.0,121.0,142.0,181.0,87.0,208.0,30.0,110.0,133.0,126.0,106.0,98.0,118.0,162.0,119.0,201.0,78.0,18.0,0.0,0.0,47,157,022320,47157022320
1627,6877.0,232.0,1889.0,455.0,922.0,1008.0,711.0,98.0,153.0,72.0,45300.0,213.0,22614.0,1397.0,413.0,263.0,170.0,162.0,70.0,88.0,93.0,96.0,55.0,61.0,86.0,109.0,91.0,35.0,63.0,19.0,60.0,52.0,67.0,74.0,63.0,62.0,32.0,4.0,7.0,7.0,47,157,022330,47157022330
1628,6225.0,1030.0,1897.0,678.0,1026.0,950.0,490.0,155.0,258.0,134.0,44000.0,327.0,22801.0,1643.0,278.0,149.0,233.0,158.0,67.0,154.0,117.0,64.0,54.0,43.0,64.0,121.0,119.0,24.0,94.0,41.0,10.0,22.0,20.0,103.0,60.0,91.0,61.0,17.0,0.0,11.0,47,157,022410,47157022410
1629,9091.0,445.0,2592.0,675.0,1159.0,1524.0,948.0,158.0,210.0,44.0,45100.0,394.0,23233.0,2031.0,529.0,325.0,207.0,177.0,79.0,170.0,151.0,153.0,116.0,194.0,118.0,144.0,127.0,91.0,54.0,46.0,67.0,64.0,61.0,103.0,28.0,70.0,47.0,0.0,0.0,0.0,47,157,022420,47157022420
1630,0.0,0.0,0.0,0.0,0.0,0.0,0.0,0.0,0.0,0.0,0.0,0.0,0.0,0.0,0.0,0.0,0.0,0.0,0.0,0.0,0.0,0.0,0.0,0.0,0.0,0.0,0.0,0.0,0.0,0.0,0.0,0.0,0.0,0.0,0.0,0.0,0.0,0.0,0.0,0.0,47,157,022598,47157022598
1631,0.0,0.0,0.0,0.0,0.0,0.0,0.0,0.0,0.0,0.0,0.0,0.0,0.0,0.0,0.0,0.0,0.0,0.0,0.0,0.0,0.0,0.0,0.0,0.0,0.0,0.0,0.0,0.0,0.0,0.0,0.0,0.0,0.0,0.0,0.0,0.0,0.0,0.0,0.0,0.0,47,157,022698,47157022698
1632,81.0,0.0,22.0,19.0,0.0,9.0,9.0,0.0,5.0,0.0,27500.0,0.0,6846.0,13.0,0.0,6.0,9.0,0.0,0.0,0.0,0.0,0.0,0.0,0.0,0.0,0.0,0.0,0.0,0.0,0.0,0.0,0.0,0.0,0.0,0.0,7.0,0.0,0.0,0.0,0.0,47,157,022798,47157022798
