,pop_18,white_18,hh_18,hinc_18,mhval_18,mhval_18_se,mrent_18,mrent_18_se,total_25_18,total_25_col_bd_18,total_25_col_md_18,total_25_col_pd_18,total_25_col_phd_18,tot_units_built_18,units_40_49_built_18,units_39_early_built_18,ohu_18,rhu_18,mmhcosts_18,iinc_18,I_10000_18,I_15000_18,I_20000_18,I_25000_18,I_30000_18,I_35000_18,I_40000_18,I_45000_18,I_50000_18,I_60000_18,I_75000_18,I_100000_18,I_125000_18,I_150000_18,I_200000_18,I_201000_18,mov_wc_w_income_18,mov_wc_9000_18,mov_wc_15000_18,mov_wc_25000_18,mov_wc_35000_18,mov_wc_50000_18,mov_wc_65000_18,mov_wc_75000_18,mov_wc_76000_more_18,mov_oc_w_income_18,mov_oc_9000_18,mov_oc_15000_18,GEO_ID,state_x,county_x,tract_x,mov_oc_25000_18,mov_oc_35000_18,mov_oc_50000_18,mov_oc_65000_18,mov_oc_75000_18,mov_oc_76000_more_18,mov_os_w_income_18,mov_os_9000_18,mov_os_15000_18,mov_os_25000_18,mov_os_35000_18,mov_os_50000_18,mov_os_65000_18,mov_os_75000_18,mov_os_76000_more_18,mov_fa_w_income_18,mov_fa_9000_18,mov_fa_15000_18,mov_fa_25000_18,mov_fa_35000_18,mov_fa_50000_18,mov_fa_65000_18,mov_fa_75000_18,mov_fa_76000_more_18,FIPS,mhval_12,mhval_12_se,mrent_12,mrent_12_se,mov_wc_w_income_12,mov_wc_9000_12,mov_wc_15000_12,mov_wc_25000_12,mov_wc_35000_12,mov_wc_50000_12,mov_wc_65000_12,mov_wc_75000_12,mov_wc_76000_more_12,mov_oc_w_income_12,mov_oc_9000_12,mov_oc_15000_12,mov_oc_25000_12,mov_oc_35000_12,mov_oc_50000_12,mov_oc_65000_12,mov_oc_75000_12,mov_oc_76000_more_12,mov_os_w_income_12,mov_os_9000_12,mov_os_15000_12,mov_os_25000_12,mov_os_35000_12,mov_os_50000_12,mov_os_65000_12,mov_os_75000_12,mov_os_76000_more_12,mov_fa_w_income_12,mov_fa_9000_12,mov_fa_15000_12,mov_fa_25000_12,mov_fa_35000_12,mov_fa_50000_12,mov_fa_65000_12,mov_fa_75000_12,mov_fa_76000_more_12,iinc_12,state_y,county_y,tract_y
0,2178.0,1538.0,802.0,104615.0,834900.0,34095.0,2304.0,258.0,1569.0,497.0,216.0,76.0,101.0,819.0,81.0,89.0,639.0,163.0,2380.0,41726.0,14.0,18.0,9.0,27.0,0.0,29.0,17.0,21.0,0.0,22.0,105.0,128.0,69.0,27.0,117.0,199.0,55.0,19.0,14.0,0.0,4.0,4.0,4.0,6.0,4.0,61.0,32.0,9.0,1400000US06087100100,06,087,100100,13.0,0.0,0.0,0.0,0.0,7.0,20.0,0.0,0.0,8.0,0.0,0.0,0.0,0.0,12.0,0.0,0.0,0.0,0.0,0.0,0.0,0.0,0.0,0.0,06087100100,678300.0,49542.0,2001.0,-333333333.0,193.0,51.0,8.0,43.0,0.0,40.0,0.0,2.0,49.0,38.0,0.0,6.0,9.0,12.0,11.0,0.0,0.0,0.0,35.0,14.0,14.0,7.0,0.0,0.0,0.0,0.0,0.0,0.0,0.0,0.0,0.0,0.0,0.0,0.0,0.0,0.0,35866.0,06,087,100100
1,6406.0,4122.0,2604.0,82615.0,707500.0,45039.0,1630.0,273.0,4724.0,1141.0,637.0,148.0,101.0,2712.0,254.0,882.0,1496.0,1108.0,1816.0,34623.0,84.0,149.0,130.0,138.0,131.0,117.0,64.0,89.0,70.0,128.0,132.0,308.0,296.0,164.0,269.0,335.0,677.0,83.0,83.0,282.0,102.0,29.0,0.0,0.0,98.0,336.0,89.0,0.0,1400000US06087100200,06,087,100200,0.0,43.0,69.0,17.0,17.0,101.0,40.0,21.0,0.0,19.0,0.0,0.0,0.0,0.0,0.0,0.0,0.0,0.0,0.0,0.0,0.0,0.0,0.0,0.0,06087100200,629800.0,20921.0,1467.0,101.0,1155.0,606.0,132.0,77.0,108.0,124.0,64.0,43.0,1.0,185.0,35.0,104.0,19.0,1.0,0.0,0.0,26.0,0.0,67.0,14.0,0.0,0.0,7.0,0.0,26.0,20.0,0.0,52.0,52.0,0.0,0.0,0.0,0.0,0.0,0.0,0.0,25851.0,06,087,100200
2,3480.0,2587.0,1249.0,108512.0,1103000.0,66717.0,1491.0,467.0,2460.0,861.0,353.0,84.0,195.0,1346.0,40.0,195.0,893.0,356.0,1965.0,39403.0,64.0,82.0,0.0,26.0,11.0,51.0,27.0,10.0,0.0,20.0,126.0,178.0,142.0,59.0,133.0,320.0,290.0,126.0,38.0,15.0,0.0,34.0,40.0,19.0,18.0,149.0,19.0,5.0,1400000US06087100300,06,087,100300,38.0,0.0,35.0,42.0,10.0,0.0,22.0,10.0,0.0,0.0,0.0,0.0,0.0,0.0,12.0,10.0,0.0,0.0,0.0,0.0,0.0,0.0,0.0,10.0,06087100300,797300.0,83068.0,1793.0,696.0,454.0,192.0,68.0,137.0,0.0,5.0,35.0,0.0,17.0,127.0,84.0,37.0,6.0,0.0,0.0,0.0,0.0,0.0,28.0,0.0,0.0,0.0,0.0,0.0,28.0,0.0,0.0,0.0,0.0,0.0,0.0,0.0,0.0,0.0,0.0,0.0,27275.0,06,087,100300
3,10299.0,3499.0,473.0,46375.0,343100.0,78110.0,1651.0,101.0,906.0,200.0,215.0,37.0,170.0,492.0,14.0,0.0,177.0,296.0,1575.0,3752.0,108.0,29.0,10.0,31.0,17.0,11.0,13.0,12.0,10.0,32.0,27.0,5.0,24.0,46.0,31.0,67.0,862.0,677.0,45.0,54.0,31.0,22.0,10.0,0.0,23.0,1801.0,1525.0,91.0,1400000US06087100400,06,087,100400,120.0,55.0,10.0,0.0,0.0,0.0,311.0,225.0,19.0,52.0,0.0,15.0,0.0,0.0,0.0,202.0,144.0,45.0,4.0,6.0,0.0,3.0,0.0,0.0,06087100400,276200.0,29032.0,1392.0,37.0,456.0,369.0,50.0,18.0,9.0,1.0,9.0,0.0,0.0,1863.0,1648.0,54.0,99.0,0.0,62.0,0.0,0.0,0.0,287.0,139.0,59.0,14.0,61.0,3.0,11.0,0.0,0.0,91.0,26.0,31.0,34.0,0.0,0.0,0.0,0.0,0.0,3487.0,06,087,100400
4,6847.0,4772.0,2435.0,78685.0,810200.0,56513.0,2241.0,136.0,2915.0,716.0,763.0,190.0,160.0,2490.0,29.0,6.0,1118.0,1317.0,2156.0,21566.0,224.0,95.0,160.0,152.0,107.0,70.0,47.0,51.0,75.0,101.0,89.0,352.0,280.0,138.0,96.0,398.0,967.0,650.0,16.0,141.0,0.0,74.0,33.0,0.0,53.0,452.0,232.0,17.0,1400000US06087100500,06,087,100500,134.0,0.0,27.0,42.0,0.0,0.0,0.0,0.0,0.0,0.0,0.0,0.0,0.0,0.0,0.0,0.0,0.0,0.0,0.0,0.0,0.0,0.0,0.0,0.0,06087100500,698200.0,107497.0,1836.0,132.0,782.0,317.0,70.0,86.0,77.0,100.0,67.0,0.0,65.0,155.0,72.0,41.0,42.0,0.0,0.0,0.0,0.0,0.0,136.0,20.0,0.0,25.0,0.0,27.0,51.0,0.0,13.0,84.0,34.0,0.0,19.0,21.0,10.0,0.0,0.0,0.0,30510.0,06,087,100500
5,3647.0,2463.0,1279.0,93472.0,848700.0,40492.0,2118.0,274.0,2198.0,791.0,450.0,111.0,126.0,1373.0,292.0,654.0,807.0,472.0,2251.0,33730.0,105.0,16.0,32.0,17.0,16.0,15.0,65.0,20.0,16.0,60.0,156.0,154.0,200.0,124.0,70.0,213.0,481.0,179.0,107.0,38.0,44.0,26.0,50.0,7.0,30.0,55.0,31.0,7.0,1400000US06087100600,06,087,100600,0.0,0.0,0.0,17.0,0.0,0.0,94.0,51.0,0.0,13.0,15.0,0.0,0.0,15.0,0.0,33.0,0.0,0.0,33.0,0.0,0.0,0.0,0.0,0.0,06087100600,689800.0,51881.0,1220.0,490.0,304.0,165.0,0.0,101.0,15.0,0.0,0.0,0.0,23.0,58.0,12.0,0.0,0.0,22.0,0.0,0.0,0.0,24.0,24.0,0.0,24.0,0.0,0.0,0.0,0.0,0.0,0.0,30.0,0.0,20.0,0.0,0.0,0.0,0.0,0.0,10.0,35084.0,06,087,100600
6,1936.0,1463.0,1017.0,47083.0,603900.0,148860.0,1290.0,177.0,1383.0,372.0,237.0,44.0,117.0,1107.0,77.0,222.0,438.0,579.0,1409.0,30072.0,74.0,65.0,47.0,75.0,34.0,72.0,66.0,58.0,33.0,96.0,132.0,31.0,72.0,27.0,35.0,100.0,222.0,63.0,25.0,13.0,16.0,34.0,0.0,13.0,58.0,80.0,17.0,12.0,1400000US06087100700,06,087,100700,8.0,0.0,23.0,7.0,0.0,13.0,29.0,0.0,19.0,10.0,0.0,0.0,0.0,0.0,0.0,46.0,36.0,0.0,0.0,0.0,0.0,10.0,0.0,0.0,06087100700,549400.0,228545.0,1024.0,185.0,301.0,74.0,30.0,30.0,5.0,70.0,17.0,9.0,66.0,36.0,21.0,0.0,13.0,0.0,0.0,2.0,0.0,0.0,12.0,6.0,0.0,0.0,0.0,0.0,0.0,0.0,6.0,45.0,7.0,0.0,0.0,0.0,0.0,19.0,19.0,0.0,29931.0,06,087,100700
7,7154.0,4182.0,3176.0,56983.0,643800.0,52411.0,1751.0,79.0,4954.0,1133.0,598.0,124.0,203.0,3272.0,212.0,819.0,728.0,2448.0,1789.0,27779.0,311.0,278.0,82.0,44.0,177.0,181.0,120.0,70.0,69.0,421.0,186.0,355.0,255.0,139.0,251.0,237.0,768.0,220.0,80.0,147.0,139.0,25.0,95.0,48.0,14.0,230.0,58.0,20.0,1400000US06087100800,06,087,100800,34.0,68.0,31.0,0.0,0.0,19.0,105.0,0.0,0.0,0.0,0.0,37.0,36.0,0.0,32.0,61.0,0.0,0.0,0.0,0.0,0.0,20.0,41.0,0.0,06087100800,662200.0,52778.0,1441.0,115.0,1549.0,796.0,142.0,234.0,196.0,109.0,72.0,0.0,0.0,483.0,128.0,122.0,130.0,60.0,0.0,0.0,43.0,0.0,118.0,0.0,11.0,0.0,0.0,13.0,53.0,13.0,28.0,62.0,16.0,0.0,29.0,17.0,0.0,0.0,0.0,0.0,23074.0,06,087,100800
8,4453.0,3486.0,1932.0,81296.0,753700.0,74109.0,1968.0,203.0,3250.0,977.0,520.0,77.0,45.0,2391.0,491.0,330.0,963.0,969.0,1976.0,40517.0,145.0,88.0,28.0,126.0,45.0,66.0,37.0,100.0,14.0,85.0,158.0,337.0,138.0,218.0,178.0,169.0,168.0,78.0,16.0,0.0,0.0,28.0,0.0,0.0,46.0,125.0,25.0,0.0,1400000US06087100900,06,087,100900,23.0,34.0,0.0,15.0,0.0,28.0,54.0,0.0,29.0,0.0,0.0,11.0,14.0,0.0,0.0,1.0,0.0,0.0,0.0,1.0,0.0,0.0,0.0,0.0,06087100900,658100.0,34579.0,1424.0,327.0,176.0,5.0,50.0,50.0,14.0,0.0,25.0,0.0,32.0,247.0,76.0,14.0,32.0,35.0,0.0,0.0,0.0,90.0,84.0,70.0,0.0,0.0,0.0,0.0,0.0,14.0,0.0,0.0,0.0,0.0,0.0,0.0,0.0,0.0,0.0,0.0,27559.0,06,087,100900
9,7890.0,4246.0,3463.0,33022.0,707300.0,133424.0,1477.0,117.0,4526.0,1018.0,591.0,138.0,133.0,3876.0,509.0,809.0,767.0,2696.0,1438.0,21203.0,549.0,403.0,218.0,329.0,186.0,147.0,141.0,156.0,0.0,270.0,200.0,269.0,93.0,40.0,233.0,229.0,1056.0,424.0,217.0,78.0,63.0,143.0,75.0,18.0,38.0,697.0,305.0,65.0,1400000US06087101000,06,087,101000,181.0,18.0,0.0,22.0,86.0,20.0,246.0,0.0,66.0,26.0,38.0,58.0,19.0,35.0,4.0,41.0,0.0,0.0,21.0,0.0,0.0,20.0,0.0,0.0,06087101000,516400.0,96115.0,1317.0,124.0,1583.0,685.0,157.0,393.0,105.0,192.0,39.0,12.0,0.0,489.0,252.0,59.0,86.0,42.0,17.0,0.0,13.0,20.0,365.0,71.0,60.0,131.0,12.0,65.0,0.0,0.0,26.0,96.0,56.0,23.0,0.0,0.0,0.0,0.0,0.0,17.0,17291.0,06,087,101000
10,5509.0,4352.0,2277.0,97292.0,861200.0,50322.0,2256.0,172.0,3956.0,1354.0,650.0,139.0,223.0,2496.0,276.0,501.0,1361.0,916.0,2336.0,40659.0,207.0,32.0,43.0,133.0,55.0,37.0,20.0,82.0,53.0,105.0,135.0,239.0,205.0,197.0,345.0,389.0,488.0,215.0,50.0,67.0,19.0,23.0,59.0,0.0,55.0,262.0,60.0,30.0,1400000US06087101100,06,087,101100,28.0,0.0,8.0,19.0,17.0,100.0,59.0,23.0,3.0,33.0,0.0,0.0,0.0,0.0,0.0,18.0,18.0,0.0,0.0,0.0,0.0,0.0,0.0,0.0,06087101100,696800.0,73402.0,1620.0,179.0,490.0,117.0,72.0,195.0,5.0,61.0,11.0,0.0,29.0,219.0,40.0,1.0,53.0,20.0,0.0,16.0,18.0,71.0,28.0,9.0,0.0,0.0,0.0,0.0,19.0,0.0,0.0,63.0,0.0,0.0,63.0,0.0,0.0,0.0,0.0,0.0,29383.0,06,087,101100
11,3268.0,2353.0,1221.0,75893.0,907300.0,69078.0,2289.0,472.0,2019.0,717.0,271.0,73.0,69.0,1425.0,37.0,128.0,768.0,453.0,1833.0,25051.0,94.0,25.0,35.0,27.0,12.0,134.0,41.0,70.0,10.0,60.0,100.0,155.0,55.0,80.0,108.0,215.0,204.0,149.0,0.0,0.0,22.0,14.0,7.0,12.0,0.0,174.0,77.0,43.0,1400000US06087101200,06,087,101200,0.0,0.0,13.0,14.0,0.0,27.0,10.0,0.0,0.0,0.0,10.0,0.0,0.0,0.0,0.0,9.0,0.0,0.0,0.0,0.0,9.0,0.0,0.0,0.0,06087101200,660200.0,59493.0,1915.0,260.0,324.0,118.0,46.0,39.0,18.0,26.0,10.0,7.0,60.0,83.0,39.0,7.0,11.0,6.0,0.0,13.0,0.0,7.0,81.0,7.0,0.0,42.0,22.0,0.0,0.0,0.0,10.0,25.0,6.0,0.0,0.0,0.0,12.0,0.0,0.0,7.0,24474.0,06,087,101200
12,7992.0,1712.0,2464.0,54137.0,414900.0,35213.0,1399.0,150.0,4872.0,512.0,173.0,32.0,25.0,2590.0,156.0,82.0,1166.0,1298.0,1409.0,25903.0,104.0,152.0,132.0,111.0,98.0,188.0,71.0,179.0,67.0,289.0,224.0,358.0,195.0,156.0,108.0,32.0,362.0,31.0,94.0,69.0,0.0,103.0,51.0,14.0,0.0,34.0,0.0,0.0,1400000US06087110100,06,087,110100,0.0,24.0,10.0,0.0,0.0,0.0,0.0,0.0,0.0,0.0,0.0,0.0,0.0,0.0,0.0,67.0,0.0,0.0,67.0,0.0,0.0,0.0,0.0,0.0,06087110100,321100.0,23537.0,1148.0,242.0,571.0,115.0,131.0,53.0,48.0,73.0,119.0,32.0,0.0,105.0,0.0,52.0,15.0,0.0,16.0,22.0,0.0,0.0,150.0,101.0,7.0,42.0,0.0,0.0,0.0,0.0,0.0,0.0,0.0,0.0,0.0,0.0,0.0,0.0,0.0,0.0,18698.0,06,087,110100
13,7578.0,1711.0,2121.0,55475.0,566600.0,42392.0,1466.0,276.0,4562.0,435.0,153.0,49.0,42.0,2310.0,311.0,581.0,1024.0,1097.0,1595.0,24110.0,25.0,142.0,47.0,120.0,24.0,97.0,229.0,138.0,212.0,84.0,150.0,185.0,179.0,215.0,158.0,116.0,130.0,0.0,60.0,70.0,0.0,0.0,0.0,0.0,0.0,82.0,0.0,0.0,1400000US06087110200,06,087,110200,25.0,38.0,19.0,0.0,0.0,0.0,0.0,0.0,0.0,0.0,0.0,0.0,0.0,0.0,0.0,0.0,0.0,0.0,0.0,0.0,0.0,0.0,0.0,0.0,06087110200,424600.0,32232.0,1205.0,226.0,469.0,69.0,30.0,170.0,42.0,119.0,24.0,15.0,0.0,65.0,17.0,0.0,0.0,8.0,11.0,19.0,0.0,10.0,8.0,8.0,0.0,0.0,0.0,0.0,0.0,0.0,0.0,0.0,0.0,0.0,0.0,0.0,0.0,0.0,0.0,0.0,21153.0,06,087,110200
14,7601.0,305.0,1838.0,46773.0,442900.0,42792.0,1224.0,129.0,4075.0,224.0,27.0,10.0,0.0,1919.0,183.0,715.0,284.0,1554.0,1254.0,20740.0,107.0,194.0,111.0,87.0,85.0,80.0,142.0,74.0,104.0,162.0,257.0,142.0,152.0,54.0,48.0,39.0,363.0,54.0,8.0,183.0,51.0,21.0,46.0,0.0,0.0,141.0,53.0,4.0,1400000US06087110300,06,087,110300,39.0,25.0,20.0,0.0,0.0,0.0,48.0,10.0,4.0,9.0,25.0,0.0,0.0,0.0,0.0,24.0,0.0,0.0,24.0,0.0,0.0,0.0,0.0,0.0,06087110300,259500.0,43963.0,1079.0,83.0,498.0,126.0,88.0,107.0,90.0,80.0,7.0,0.0,0.0,246.0,56.0,33.0,84.0,19.0,54.0,0.0,0.0,0.0,43.0,0.0,0.0,43.0,0.0,0.0,0.0,0.0,0.0,11.0,0.0,0.0,11.0,0.0,0.0,0.0,0.0,0.0,15568.0,06,087,110300
15,7804.0,858.0,1962.0,60799.0,526900.0,37030.0,1555.0,121.0,4273.0,298.0,188.0,15.0,21.0,2110.0,165.0,168.0,769.0,1193.0,1714.0,24235.0,83.0,40.0,68.0,76.0,108.0,37.0,103.0,84.0,76.0,283.0,224.0,252.0,142.0,157.0,132.0,97.0,388.0,65.0,27.0,128.0,21.0,31.0,35.0,44.0,37.0,35.0,35.0,0.0,1400000US06087110400,06,087,110400,0.0,0.0,0.0,0.0,0.0,0.0,8.0,0.0,0.0,1.0,0.0,0.0,0.0,0.0,7.0,28.0,0.0,0.0,0.0,20.0,0.0,8.0,0.0,0.0,06087110400,381400.0,42837.0,1276.0,105.0,477.0,87.0,35.0,189.0,51.0,47.0,38.0,0.0,30.0,33.0,0.0,10.0,0.0,0.0,23.0,0.0,0.0,0.0,0.0,0.0,0.0,0.0,0.0,0.0,0.0,0.0,0.0,60.0,51.0,0.0,0.0,0.0,0.0,0.0,0.0,9.0,18343.0,06,087,110400
16,8513.0,1897.0,2318.0,49632.0,416100.0,55235.0,1420.0,94.0,4770.0,448.0,39.0,44.0,0.0,2318.0,117.0,177.0,775.0,1543.0,1435.0,20507.0,31.0,208.0,64.0,192.0,143.0,241.0,57.0,0.0,237.0,147.0,371.0,312.0,174.0,37.0,36.0,68.0,371.0,75.0,47.0,135.0,0.0,70.0,20.0,13.0,11.0,59.0,21.0,16.0,1400000US06087110501,06,087,110501,0.0,4.0,0.0,0.0,0.0,18.0,46.0,0.0,0.0,0.0,0.0,0.0,0.0,0.0,46.0,0.0,0.0,0.0,0.0,0.0,0.0,0.0,0.0,0.0,06087110501,309500.0,63497.0,1128.0,112.0,629.0,206.0,3.0,141.0,161.0,79.0,10.0,29.0,0.0,238.0,37.0,3.0,75.0,25.0,66.0,23.0,9.0,0.0,26.0,0.0,0.0,0.0,0.0,14.0,0.0,12.0,0.0,0.0,0.0,0.0,0.0,0.0,0.0,0.0,0.0,0.0,18789.0,06,087,110501
17,6162.0,717.0,1541.0,62270.0,362200.0,37972.0,1624.0,131.0,3844.0,169.0,84.0,8.0,9.0,1541.0,139.0,36.0,914.0,627.0,1496.0,20481.0,86.0,66.0,10.0,133.0,19.0,45.0,109.0,102.0,19.0,147.0,234.0,200.0,237.0,28.0,71.0,35.0,249.0,55.0,54.0,33.0,43.0,0.0,44.0,0.0,20.0,55.0,0.0,0.0,1400000US06087110502,06,087,110502,55.0,0.0,0.0,0.0,0.0,0.0,0.0,0.0,0.0,0.0,0.0,0.0,0.0,0.0,0.0,0.0,0.0,0.0,0.0,0.0,0.0,0.0,0.0,0.0,06087110502,285400.0,22597.0,1342.0,222.0,455.0,182.0,151.0,67.0,46.0,9.0,0.0,0.0,0.0,72.0,5.0,41.0,26.0,0.0,0.0,0.0,0.0,0.0,11.0,0.0,2.0,0.0,0.0,9.0,0.0,0.0,0.0,30.0,0.0,30.0,0.0,0.0,0.0,0.0,0.0,0.0,17656.0,06,087,110502
18,8020.0,903.0,2398.0,51365.0,352800.0,80775.0,1013.0,132.0,4715.0,294.0,100.0,57.0,0.0,2398.0,18.0,67.0,1133.0,1265.0,1123.0,23734.0,61.0,83.0,333.0,197.0,133.0,98.0,53.0,58.0,82.0,377.0,174.0,209.0,262.0,68.0,129.0,81.0,175.0,20.0,45.0,50.0,17.0,25.0,18.0,0.0,0.0,147.0,44.0,24.0,1400000US06087110600,06,087,110600,79.0,0.0,0.0,0.0,0.0,0.0,26.0,0.0,0.0,0.0,0.0,0.0,0.0,0.0,26.0,0.0,0.0,0.0,0.0,0.0,0.0,0.0,0.0,0.0,06087110600,282300.0,32680.0,903.0,299.0,354.0,30.0,11.0,170.0,88.0,0.0,0.0,55.0,0.0,46.0,9.0,23.0,14.0,0.0,0.0,0.0,0.0,0.0,0.0,0.0,0.0,0.0,0.0,0.0,0.0,0.0,0.0,0.0,0.0,0.0,0.0,0.0,0.0,0.0,0.0,0.0,19623.0,06,087,110600
19,3140.0,550.0,892.0,66563.0,485400.0,24771.0,1250.0,569.0,1990.0,272.0,44.0,31.0,0.0,909.0,178.0,49.0,674.0,218.0,1752.0,23653.0,42.0,21.0,58.0,71.0,56.0,34.0,0.0,56.0,42.0,26.0,87.0,110.0,60.0,99.0,68.0,62.0,169.0,23.0,30.0,34.0,11.0,28.0,19.0,0.0,24.0,78.0,26.0,0.0,1400000US06087110700,06,087,110700,41.0,0.0,11.0,0.0,0.0,0.0,0.0,0.0,0.0,0.0,0.0,0.0,0.0,0.0,0.0,0.0,0.0,0.0,0.0,0.0,0.0,0.0,0.0,0.0,06087110700,388900.0,45526.0,1445.0,271.0,120.0,30.0,67.0,0.0,0.0,0.0,23.0,0.0,0.0,1.0,0.0,0.0,1.0,0.0,0.0,0.0,0.0,0.0,54.0,7.0,0.0,10.0,0.0,29.0,0.0,0.0,8.0,0.0,0.0,0.0,0.0,0.0,0.0,0.0,0.0,0.0,21860.0,06,087,110700
20,4576.0,3642.0,1644.0,89481.0,799900.0,33528.0,1565.0,370.0,3543.0,790.0,374.0,111.0,184.0,1874.0,113.0,219.0,1300.0,344.0,1688.0,35660.0,55.0,34.0,64.0,37.0,118.0,3.0,63.0,73.0,36.0,66.0,134.0,236.0,174.0,181.0,129.0,241.0,206.0,33.0,20.0,19.0,2.0,33.0,34.0,21.0,44.0,172.0,52.0,8.0,1400000US06087120200,06,087,120200,11.0,29.0,33.0,15.0,2.0,22.0,57.0,0.0,0.0,21.0,0.0,5.0,4.0,0.0,27.0,12.0,0.0,0.0,0.0,0.0,0.0,12.0,0.0,0.0,06087120200,649600.0,25174.0,1353.0,476.0,236.0,32.0,31.0,65.0,27.0,34.0,15.0,2.0,30.0,397.0,232.0,8.0,69.0,44.0,8.0,0.0,0.0,36.0,39.0,27.0,0.0,0.0,0.0,8.0,4.0,0.0,0.0,18.0,12.0,6.0,0.0,0.0,0.0,0.0,0.0,0.0,33864.0,06,087,120200
21,5360.0,4306.0,2041.0,78371.0,657200.0,33297.0,1654.0,174.0,3920.0,1045.0,507.0,80.0,118.0,2373.0,250.0,340.0,1520.0,521.0,1892.0,30792.0,88.0,95.0,73.0,49.0,34.0,65.0,100.0,143.0,103.0,133.0,85.0,209.0,187.0,106.0,349.0,222.0,99.0,23.0,0.0,0.0,0.0,13.0,12.0,17.0,34.0,188.0,90.0,0.0,1400000US06087120301,06,087,120301,16.0,23.0,14.0,31.0,0.0,14.0,177.0,0.0,0.0,176.0,0.0,0.0,0.0,0.0,1.0,15.0,0.0,0.0,0.0,15.0,0.0,0.0,0.0,0.0,06087120301,532500.0,53543.0,1207.0,174.0,268.0,78.0,0.0,11.0,66.0,25.0,12.0,0.0,76.0,23.0,1.0,0.0,0.0,0.0,0.0,20.0,0.0,2.0,0.0,0.0,0.0,0.0,0.0,0.0,0.0,0.0,0.0,0.0,0.0,0.0,0.0,0.0,0.0,0.0,0.0,0.0,40855.0,06,087,120301
22,3148.0,2836.0,1064.0,96591.0,628500.0,44991.0,1793.0,174.0,2133.0,529.0,243.0,29.0,9.0,1152.0,183.0,312.0,742.0,322.0,2081.0,25946.0,21.0,64.0,32.0,38.0,16.0,72.0,19.0,22.0,16.0,86.0,80.0,70.0,97.0,162.0,111.0,158.0,330.0,225.0,0.0,66.0,0.0,0.0,0.0,0.0,39.0,44.0,2.0,0.0,1400000US06087120302,06,087,120302,10.0,9.0,0.0,10.0,0.0,13.0,33.0,12.0,0.0,0.0,0.0,9.0,0.0,12.0,0.0,0.0,0.0,0.0,0.0,0.0,0.0,0.0,0.0,0.0,06087120302,559200.0,56099.0,1329.0,93.0,191.0,85.0,0.0,38.0,12.0,27.0,0.0,29.0,0.0,80.0,39.0,29.0,0.0,0.0,0.0,12.0,0.0,0.0,76.0,0.0,0.0,26.0,0.0,0.0,0.0,0.0,50.0,0.0,0.0,0.0,0.0,0.0,0.0,0.0,0.0,0.0,28259.0,06,087,120302
23,5022.0,4246.0,2172.0,92627.0,588700.0,31730.0,1192.0,454.0,3902.0,888.0,380.0,88.0,69.0,2442.0,452.0,680.0,1580.0,592.0,1798.0,40347.0,151.0,103.0,66.0,84.0,77.0,102.0,50.0,70.0,18.0,72.0,85.0,279.0,225.0,220.0,281.0,289.0,185.0,79.0,0.0,16.0,21.0,15.0,15.0,0.0,39.0,143.0,19.0,0.0,1400000US06087120400,06,087,120400,0.0,7.0,19.0,0.0,26.0,72.0,23.0,0.0,0.0,0.0,0.0,0.0,23.0,0.0,0.0,14.0,0.0,0.0,0.0,0.0,0.0,0.0,0.0,14.0,06087120400,466100.0,41463.0,1501.0,294.0,141.0,41.0,18.0,0.0,0.0,27.0,30.0,0.0,25.0,152.0,0.0,1.0,26.0,19.0,48.0,0.0,0.0,58.0,50.0,13.0,0.0,16.0,8.0,13.0,0.0,0.0,0.0,18.0,0.0,0.0,0.0,0.0,18.0,0.0,0.0,0.0,31349.0,06,087,120400
24,5700.0,4553.0,2483.0,110515.0,770200.0,70181.0,1798.0,646.0,4469.0,1353.0,622.0,156.0,192.0,2771.0,317.0,409.0,2158.0,325.0,2564.0,58228.0,67.0,110.0,61.0,59.0,28.0,102.0,39.0,63.0,28.0,122.0,208.0,235.0,236.0,128.0,146.0,851.0,182.0,59.0,12.0,10.0,0.0,0.0,69.0,0.0,32.0,282.0,47.0,31.0,1400000US06087120500,06,087,120500,37.0,17.0,0.0,0.0,0.0,150.0,66.0,0.0,0.0,0.0,10.0,28.0,10.0,0.0,18.0,4.0,0.0,0.0,0.0,0.0,4.0,0.0,0.0,0.0,06087120500,661700.0,65660.0,1221.0,529.0,216.0,6.0,40.0,2.0,13.0,105.0,11.0,12.0,27.0,205.0,43.0,0.0,26.0,37.0,21.0,6.0,0.0,72.0,64.0,5.0,7.0,9.0,4.0,19.0,0.0,0.0,20.0,11.0,0.0,0.0,4.0,0.0,0.0,0.0,0.0,7.0,44502.0,06,087,120500
25,4776.0,3854.0,1833.0,97765.0,605200.0,42422.0,1769.0,341.0,3385.0,1086.0,303.0,86.0,69.0,2043.0,186.0,282.0,1500.0,333.0,2129.0,43148.0,60.0,75.0,63.0,19.0,35.0,74.0,40.0,50.0,64.0,59.0,140.0,267.0,247.0,113.0,227.0,300.0,148.0,11.0,14.0,0.0,0.0,31.0,26.0,40.0,26.0,122.0,0.0,11.0,1400000US06087120600,06,087,120600,0.0,35.0,37.0,8.0,0.0,31.0,79.0,8.0,0.0,0.0,9.0,13.0,9.0,0.0,40.0,10.0,0.0,10.0,0.0,0.0,0.0,0.0,0.0,0.0,06087120600,533800.0,50075.0,1464.0,311.0,192.0,6.0,33.0,54.0,34.0,41.0,24.0,0.0,0.0,135.0,0.0,62.0,18.0,0.0,0.0,23.0,0.0,32.0,0.0,0.0,0.0,0.0,0.0,0.0,0.0,0.0,0.0,0.0,0.0,0.0,0.0,0.0,0.0,0.0,0.0,0.0,39980.0,06,087,120600
26,4181.0,3350.0,1602.0,93333.0,544800.0,52934.0,1460.0,555.0,3013.0,992.0,287.0,109.0,123.0,2050.0,457.0,472.0,1149.0,453.0,1915.0,40976.0,0.0,27.0,73.0,52.0,43.0,34.0,16.0,13.0,45.0,126.0,192.0,234.0,165.0,185.0,216.0,181.0,147.0,27.0,15.0,31.0,25.0,16.0,10.0,0.0,23.0,78.0,35.0,34.0,1400000US06087120700,06,087,120700,9.0,0.0,0.0,0.0,0.0,0.0,0.0,0.0,0.0,0.0,0.0,0.0,0.0,0.0,0.0,0.0,0.0,0.0,0.0,0.0,0.0,0.0,0.0,0.0,06087120700,502600.0,56073.0,1094.0,256.0,174.0,21.0,28.0,36.0,54.0,0.0,0.0,10.0,25.0,198.0,65.0,6.0,0.0,0.0,95.0,0.0,0.0,32.0,0.0,0.0,0.0,0.0,0.0,0.0,0.0,0.0,0.0,0.0,0.0,0.0,0.0,0.0,0.0,0.0,0.0,0.0,40189.0,06,087,120700
27,5608.0,4863.0,2273.0,133854.0,880200.0,47359.0,2076.0,431.0,4225.0,1503.0,675.0,289.0,155.0,2459.0,0.0,22.0,1797.0,476.0,2118.0,60012.0,80.0,79.0,26.0,64.0,90.0,18.0,23.0,0.0,90.0,138.0,159.0,201.0,162.0,73.0,272.0,798.0,250.0,76.0,14.0,16.0,0.0,0.0,19.0,0.0,125.0,84.0,2.0,32.0,1400000US06087120800,06,087,120800,13.0,0.0,0.0,0.0,0.0,37.0,145.0,0.0,45.0,19.0,43.0,0.0,38.0,0.0,0.0,53.0,0.0,0.0,19.0,34.0,0.0,0.0,0.0,0.0,06087120800,661700.0,37521.0,1943.0,982.0,246.0,29.0,19.0,47.0,10.0,15.0,30.0,38.0,58.0,261.0,0.0,0.0,33.0,137.0,45.0,15.0,14.0,17.0,45.0,20.0,0.0,0.0,12.0,0.0,0.0,0.0,13.0,0.0,0.0,0.0,0.0,0.0,0.0,0.0,0.0,0.0,44115.0,06,087,120800
28,8653.0,6408.0,3144.0,98632.0,757600.0,57295.0,1873.0,195.0,5878.0,1928.0,801.0,120.0,179.0,3354.0,306.0,151.0,2131.0,1013.0,2252.0,42885.0,97.0,48.0,79.0,26.0,31.0,94.0,102.0,51.0,60.0,167.0,341.0,505.0,341.0,278.0,283.0,641.0,452.0,45.0,0.0,0.0,91.0,117.0,36.0,75.0,88.0,178.0,21.0,24.0,1400000US06087120900,06,087,120900,50.0,0.0,23.0,12.0,0.0,48.0,100.0,46.0,12.0,33.0,0.0,1.0,0.0,0.0,8.0,37.0,0.0,37.0,0.0,0.0,0.0,0.0,0.0,0.0,06087120900,619300.0,49574.0,1513.0,227.0,402.0,99.0,31.0,34.0,0.0,65.0,12.0,11.0,150.0,300.0,146.0,22.0,41.0,20.0,17.0,10.0,0.0,44.0,58.0,12.0,21.0,0.0,0.0,0.0,1.0,12.0,12.0,21.0,1.0,0.0,18.0,0.0,0.0,2.0,0.0,0.0,47066.0,06,087,120900
29,3578.0,3207.0,1349.0,149438.0,1064300.0,60735.0,2091.0,298.0,2703.0,993.0,503.0,146.0,167.0,1454.0,111.0,81.0,1035.0,314.0,2895.0,52567.0,65.0,21.0,10.0,20.0,7.0,0.0,32.0,28.0,25.0,23.0,81.0,101.0,160.0,106.0,166.0,504.0,134.0,34.0,0.0,3.0,12.0,19.0,10.0,13.0,43.0,151.0,10.0,3.0,1400000US06087121000,06,087,121000,4.0,19.0,64.0,17.0,0.0,34.0,49.0,0.0,0.0,0.0,12.0,11.0,26.0,0.0,0.0,0.0,0.0,0.0,0.0,0.0,0.0,0.0,0.0,0.0,06087121000,837400.0,61684.0,1424.0,599.0,126.0,30.0,4.0,30.0,31.0,4.0,0.0,22.0,5.0,211.0,35.0,0.0,26.0,0.0,0.0,0.0,0.0,150.0,30.0,4.0,0.0,18.0,8.0,0.0,0.0,0.0,0.0,11.0,0.0,0.0,11.0,0.0,0.0,0.0,0.0,0.0,43194.0,06,087,121000
30,3342.0,2302.0,1180.0,87708.0,814700.0,69218.0,1247.0,666.0,2380.0,545.0,232.0,95.0,45.0,1244.0,44.0,58.0,968.0,212.0,1682.0,35195.0,25.0,15.0,39.0,98.0,41.0,33.0,56.0,46.0,25.0,83.0,72.0,99.0,121.0,25.0,88.0,314.0,66.0,17.0,0.0,0.0,8.0,8.0,0.0,20.0,13.0,81.0,11.0,14.0,1400000US06087121100,06,087,121100,0.0,5.0,10.0,0.0,0.0,41.0,7.0,0.0,0.0,0.0,0.0,4.0,3.0,0.0,0.0,0.0,0.0,0.0,0.0,0.0,0.0,0.0,0.0,0.0,06087121100,660800.0,59693.0,1346.0,153.0,212.0,45.0,11.0,3.0,60.0,26.0,58.0,0.0,9.0,25.0,11.0,0.0,0.0,0.0,11.0,0.0,0.0,3.0,13.0,13.0,0.0,0.0,0.0,0.0,0.0,0.0,0.0,20.0,17.0,0.0,3.0,0.0,0.0,0.0,0.0,0.0,34118.0,06,087,121100
31,6550.0,5532.0,2287.0,155625.0,990000.0,51712.0,1888.0,529.0,4450.0,1607.0,535.0,272.0,172.0,2471.0,176.0,248.0,1787.0,500.0,2534.0,44196.0,53.0,0.0,75.0,12.0,23.0,23.0,24.0,20.0,44.0,136.0,111.0,233.0,226.0,146.0,369.0,792.0,222.0,0.0,0.0,78.0,43.0,31.0,15.0,46.0,9.0,155.0,44.0,5.0,1400000US06087121200,06,087,121200,4.0,38.0,2.0,0.0,5.0,57.0,40.0,6.0,16.0,3.0,5.0,4.0,3.0,0.0,3.0,34.0,6.0,0.0,0.0,0.0,0.0,0.0,0.0,28.0,06087121200,782300.0,64592.0,1676.0,345.0,207.0,17.0,51.0,18.0,32.0,36.0,27.0,19.0,7.0,41.0,5.0,0.0,9.0,0.0,4.0,3.0,0.0,20.0,24.0,6.0,0.0,9.0,0.0,0.0,0.0,9.0,0.0,0.0,0.0,0.0,0.0,0.0,0.0,0.0,0.0,0.0,43916.0,06,087,121200
32,4187.0,2519.0,1709.0,80572.0,759600.0,51291.0,2125.0,177.0,2912.0,618.0,436.0,131.0,72.0,1744.0,73.0,9.0,1018.0,691.0,2131.0,45637.0,37.0,74.0,38.0,38.0,83.0,63.0,13.0,26.0,63.0,167.0,133.0,290.0,243.0,91.0,136.0,214.0,197.0,1.0,0.0,28.0,77.0,9.0,23.0,10.0,49.0,80.0,7.0,11.0,1400000US06087121300,06,087,121300,0.0,0.0,0.0,0.0,0.0,62.0,24.0,0.0,0.0,0.0,12.0,12.0,0.0,0.0,0.0,0.0,0.0,0.0,0.0,0.0,0.0,0.0,0.0,0.0,06087121300,618900.0,21252.0,1724.0,154.0,243.0,18.0,44.0,71.0,63.0,25.0,22.0,0.0,0.0,32.0,10.0,15.0,2.0,5.0,0.0,0.0,0.0,0.0,0.0,0.0,0.0,0.0,0.0,0.0,0.0,0.0,0.0,10.0,0.0,0.0,10.0,0.0,0.0,0.0,0.0,0.0,28551.0,06,087,121300
33,2761.0,1850.0,921.0,77150.0,709000.0,56677.0,1541.0,250.0,2100.0,459.0,237.0,23.0,41.0,965.0,75.0,66.0,564.0,357.0,1903.0,30140.0,61.0,23.0,16.0,33.0,47.0,17.0,34.0,9.0,6.0,72.0,121.0,78.0,95.0,90.0,138.0,81.0,159.0,24.0,7.0,19.0,47.0,26.0,8.0,6.0,22.0,39.0,6.0,0.0,1400000US06087121401,06,087,121401,14.0,0.0,1.0,5.0,0.0,13.0,24.0,16.0,0.0,0.0,0.0,0.0,4.0,0.0,4.0,21.0,13.0,0.0,0.0,0.0,0.0,8.0,0.0,0.0,06087121401,548900.0,49443.0,1360.0,238.0,204.0,29.0,29.0,40.0,27.0,31.0,16.0,0.0,32.0,150.0,48.0,30.0,21.0,24.0,15.0,0.0,0.0,12.0,11.0,0.0,0.0,11.0,0.0,0.0,0.0,0.0,0.0,0.0,0.0,0.0,0.0,0.0,0.0,0.0,0.0,0.0,24375.0,06,087,121401
34,4601.0,2605.0,1573.0,75673.0,599500.0,62790.0,1859.0,402.0,3145.0,747.0,281.0,113.0,44.0,1641.0,57.0,159.0,851.0,722.0,1819.0,32679.0,33.0,66.0,119.0,49.0,44.0,78.0,30.0,65.0,86.0,101.0,112.0,211.0,188.0,76.0,184.0,131.0,241.0,60.0,19.0,22.0,22.0,34.0,84.0,0.0,0.0,81.0,25.0,10.0,1400000US06087121402,06,087,121402,0.0,0.0,11.0,0.0,14.0,21.0,78.0,25.0,34.0,0.0,19.0,0.0,0.0,0.0,0.0,0.0,0.0,0.0,0.0,0.0,0.0,0.0,0.0,0.0,06087121402,454900.0,65151.0,1420.0,222.0,380.0,136.0,49.0,54.0,27.0,12.0,25.0,0.0,77.0,225.0,0.0,26.0,65.0,40.0,34.0,0.0,27.0,33.0,24.0,0.0,0.0,12.0,12.0,0.0,0.0,0.0,0.0,0.0,0.0,0.0,0.0,0.0,0.0,0.0,0.0,0.0,27385.0,06,087,121402
35,3549.0,2284.0,1324.0,83224.0,590300.0,71074.0,1749.0,147.0,2463.0,727.0,241.0,53.0,33.0,1375.0,29.0,84.0,818.0,506.0,1788.0,30817.0,64.0,55.0,66.0,42.0,43.0,45.0,50.0,48.0,57.0,71.0,74.0,181.0,90.0,156.0,192.0,90.0,77.0,12.0,10.0,10.0,0.0,11.0,13.0,0.0,21.0,94.0,17.0,18.0,1400000US06087121403,06,087,121403,19.0,0.0,0.0,22.0,0.0,18.0,63.0,10.0,17.0,13.0,0.0,0.0,12.0,0.0,11.0,0.0,0.0,0.0,0.0,0.0,0.0,0.0,0.0,0.0,06087121403,424300.0,94139.0,1371.0,137.0,294.0,29.0,44.0,37.0,49.0,93.0,5.0,15.0,22.0,73.0,24.0,5.0,5.0,13.0,13.0,13.0,0.0,0.0,12.0,0.0,0.0,12.0,0.0,0.0,0.0,0.0,0.0,0.0,0.0,0.0,0.0,0.0,0.0,0.0,0.0,0.0,30293.0,06,087,121403
36,5642.0,3775.0,2378.0,63176.0,772700.0,142859.0,1453.0,157.0,4154.0,831.0,436.0,124.0,228.0,2738.0,115.0,86.0,881.0,1497.0,1453.0,30822.0,114.0,209.0,101.0,102.0,143.0,66.0,38.0,41.0,97.0,223.0,324.0,114.0,266.0,100.0,201.0,239.0,250.0,60.0,7.0,0.0,1.0,30.0,19.0,32.0,101.0,166.0,71.0,0.0,1400000US06087121500,06,087,121500,59.0,7.0,20.0,0.0,0.0,9.0,16.0,16.0,0.0,0.0,0.0,0.0,0.0,0.0,0.0,17.0,17.0,0.0,0.0,0.0,0.0,0.0,0.0,0.0,06087121500,501600.0,66546.0,1386.0,108.0,824.0,147.0,147.0,166.0,157.0,91.0,35.0,34.0,47.0,467.0,141.0,35.0,154.0,63.0,19.0,14.0,0.0,41.0,40.0,0.0,0.0,28.0,0.0,0.0,0.0,0.0,12.0,0.0,0.0,0.0,0.0,0.0,0.0,0.0,0.0,0.0,24745.0,06,087,121500
37,6702.0,4713.0,2770.0,71303.0,793400.0,90687.0,1387.0,117.0,5017.0,1382.0,497.0,136.0,64.0,3342.0,462.0,204.0,1661.0,1109.0,1499.0,30970.0,200.0,103.0,59.0,145.0,91.0,90.0,117.0,137.0,38.0,200.0,316.0,279.0,192.0,187.0,192.0,424.0,411.0,44.0,56.0,54.0,152.0,15.0,0.0,0.0,90.0,284.0,90.0,0.0,1400000US06087121600,06,087,121600,55.0,0.0,26.0,17.0,0.0,96.0,107.0,0.0,21.0,33.0,53.0,0.0,0.0,0.0,0.0,30.0,0.0,0.0,30.0,0.0,0.0,0.0,0.0,0.0,06087121600,569200.0,88533.0,1166.0,103.0,538.0,174.0,36.0,100.0,58.0,29.0,62.0,0.0,79.0,143.0,83.0,21.0,32.0,0.0,0.0,7.0,0.0,0.0,116.0,0.0,0.0,61.0,15.0,7.0,21.0,12.0,0.0,0.0,0.0,0.0,0.0,0.0,0.0,0.0,0.0,0.0,27164.0,06,087,121600
38,7400.0,4380.0,2906.0,84700.0,573900.0,44255.0,1755.0,132.0,5259.0,1010.0,319.0,203.0,56.0,3322.0,90.0,205.0,1538.0,1368.0,1829.0,31703.0,91.0,60.0,201.0,41.0,227.0,133.0,76.0,38.0,0.0,225.0,202.0,570.0,431.0,232.0,115.0,264.0,812.0,196.0,95.0,22.0,186.0,143.0,46.0,42.0,82.0,220.0,69.0,12.0,1400000US06087121700,06,087,121700,0.0,7.0,0.0,13.0,19.0,100.0,50.0,17.0,0.0,0.0,0.0,0.0,0.0,0.0,33.0,37.0,0.0,13.0,24.0,0.0,0.0,0.0,0.0,0.0,06087121700,400500.0,50514.0,1531.0,114.0,453.0,96.0,20.0,38.0,59.0,79.0,16.0,15.0,130.0,253.0,29.0,3.0,50.0,57.0,35.0,33.0,0.0,46.0,281.0,72.0,61.0,15.0,44.0,76.0,0.0,0.0,13.0,39.0,39.0,0.0,0.0,0.0,0.0,0.0,0.0,0.0,31696.0,06,087,121700
39,4602.0,3129.0,2180.0,80293.0,838200.0,128268.0,1749.0,114.0,3698.0,749.0,597.0,67.0,68.0,2607.0,134.0,194.0,1028.0,1152.0,1684.0,43325.0,188.0,81.0,16.0,89.0,17.0,38.0,13.0,283.0,49.0,156.0,81.0,376.0,308.0,72.0,151.0,262.0,381.0,72.0,0.0,61.0,17.0,107.0,30.0,0.0,94.0,172.0,43.0,0.0,1400000US06087121800,06,087,121800,16.0,2.0,0.0,24.0,0.0,87.0,0.0,0.0,0.0,0.0,0.0,0.0,0.0,0.0,0.0,31.0,2.0,0.0,29.0,0.0,0.0,0.0,0.0,0.0,06087121800,597400.0,52572.0,1536.0,162.0,246.0,19.0,36.0,46.0,16.0,57.0,59.0,0.0,13.0,198.0,85.0,0.0,14.0,41.0,0.0,0.0,0.0,58.0,0.0,0.0,0.0,0.0,0.0,0.0,0.0,0.0,0.0,0.0,0.0,0.0,0.0,0.0,0.0,0.0,0.0,0.0,33942.0,06,087,121800
40,4878.0,3864.0,1806.0,92643.0,813600.0,35277.0,1869.0,476.0,3466.0,942.0,489.0,104.0,70.0,2026.0,92.0,243.0,1323.0,483.0,2052.0,40232.0,80.0,63.0,33.0,40.0,61.0,56.0,49.0,68.0,42.0,58.0,128.0,267.0,190.0,198.0,228.0,245.0,139.0,19.0,0.0,18.0,22.0,9.0,40.0,0.0,31.0,81.0,24.0,8.0,1400000US06087122001,06,087,122001,3.0,9.0,12.0,3.0,4.0,18.0,9.0,2.0,7.0,0.0,0.0,0.0,0.0,0.0,0.0,7.0,5.0,0.0,0.0,0.0,2.0,0.0,0.0,0.0,06087122001,782400.0,59361.0,1422.0,318.0,229.0,3.0,0.0,18.0,44.0,80.0,43.0,0.0,41.0,101.0,38.0,0.0,15.0,0.0,2.0,9.0,0.0,37.0,42.0,19.0,0.0,23.0,0.0,0.0,0.0,0.0,0.0,0.0,0.0,0.0,0.0,0.0,0.0,0.0,0.0,0.0,33721.0,06,087,122001
41,3332.0,2994.0,1203.0,146058.0,949400.0,64452.0,1990.0,330.0,2430.0,822.0,433.0,71.0,112.0,1376.0,29.0,63.0,1048.0,155.0,2243.0,45682.0,35.0,21.0,0.0,9.0,41.0,31.0,56.0,40.0,32.0,70.0,39.0,90.0,105.0,40.0,222.0,372.0,93.0,0.0,50.0,0.0,0.0,19.0,0.0,0.0,24.0,62.0,14.0,0.0,1400000US06087122002,06,087,122002,11.0,11.0,2.0,14.0,0.0,10.0,34.0,0.0,8.0,0.0,26.0,0.0,0.0,0.0,0.0,0.0,0.0,0.0,0.0,0.0,0.0,0.0,0.0,0.0,06087122002,779900.0,76493.0,1887.0,342.0,133.0,45.0,0.0,24.0,20.0,0.0,0.0,0.0,44.0,78.0,16.0,0.0,46.0,0.0,8.0,0.0,0.0,8.0,112.0,56.0,0.0,0.0,0.0,0.0,0.0,0.0,56.0,13.0,13.0,0.0,0.0,0.0,0.0,0.0,0.0,0.0,46103.0,06,087,122002
42,7257.0,5259.0,2795.0,85329.0,683700.0,54557.0,1815.0,221.0,5157.0,1512.0,525.0,261.0,75.0,2907.0,103.0,296.0,2020.0,775.0,1968.0,40564.0,226.0,47.0,41.0,103.0,27.0,144.0,58.0,107.0,107.0,135.0,246.0,391.0,201.0,284.0,350.0,328.0,268.0,119.0,0.0,9.0,25.0,73.0,17.0,15.0,10.0,188.0,47.0,0.0,1400000US06087122003,06,087,122003,0.0,26.0,0.0,25.0,0.0,90.0,0.0,0.0,0.0,0.0,0.0,0.0,0.0,0.0,0.0,25.0,25.0,0.0,0.0,0.0,0.0,0.0,0.0,0.0,06087122003,467700.0,39303.0,1493.0,174.0,385.0,51.0,7.0,51.0,22.0,76.0,32.0,84.0,62.0,203.0,5.0,48.0,66.0,0.0,36.0,0.0,48.0,0.0,149.0,44.0,0.0,0.0,32.0,36.0,37.0,0.0,0.0,27.0,0.0,0.0,0.0,0.0,0.0,27.0,0.0,0.0,37374.0,06,087,122003
43,3201.0,2418.0,1493.0,69846.0,740400.0,62158.0,1822.0,82.0,2418.0,661.0,224.0,136.0,38.0,1946.0,133.0,120.0,861.0,632.0,1699.0,39341.0,81.0,78.0,19.0,50.0,33.0,91.0,38.0,66.0,48.0,128.0,151.0,214.0,193.0,46.0,112.0,145.0,163.0,18.0,0.0,40.0,25.0,62.0,0.0,1.0,17.0,67.0,15.0,44.0,1400000US06087122100,06,087,122100,0.0,8.0,0.0,0.0,0.0,0.0,58.0,25.0,0.0,14.0,0.0,0.0,0.0,0.0,19.0,0.0,0.0,0.0,0.0,0.0,0.0,0.0,0.0,0.0,06087122100,545700.0,50386.0,1221.0,147.0,166.0,62.0,11.0,9.0,25.0,19.0,22.0,9.0,9.0,48.0,0.0,9.0,32.0,0.0,0.0,7.0,0.0,0.0,22.0,9.0,0.0,6.0,7.0,0.0,0.0,0.0,0.0,0.0,0.0,0.0,0.0,0.0,0.0,0.0,0.0,0.0,30579.0,06,087,122100
44,6519.0,5234.0,2625.0,87125.0,859800.0,40879.0,2221.0,282.0,4701.0,1613.0,687.0,183.0,213.0,3357.0,316.0,95.0,1988.0,637.0,2350.0,42784.0,35.0,79.0,48.0,111.0,76.0,7.0,31.0,160.0,111.0,275.0,113.0,370.0,309.0,162.0,270.0,468.0,367.0,50.0,21.0,52.0,23.0,29.0,30.0,0.0,162.0,354.0,91.0,33.0,1400000US06087122201,06,087,122201,18.0,66.0,25.0,0.0,23.0,98.0,100.0,45.0,0.0,14.0,0.0,41.0,0.0,0.0,0.0,2.0,0.0,0.0,0.0,0.0,2.0,0.0,0.0,0.0,06087122201,686400.0,33297.0,1615.0,181.0,430.0,80.0,42.0,74.0,112.0,28.0,23.0,0.0,71.0,222.0,76.0,0.0,29.0,60.0,0.0,0.0,0.0,57.0,0.0,0.0,0.0,0.0,0.0,0.0,0.0,0.0,0.0,0.0,0.0,0.0,0.0,0.0,0.0,0.0,0.0,0.0,42789.0,06,087,122201
45,2364.0,1811.0,921.0,111417.0,865500.0,34446.0,2653.0,588.0,1755.0,593.0,288.0,83.0,67.0,991.0,51.0,43.0,808.0,113.0,2741.0,42625.0,6.0,22.0,29.0,15.0,14.0,9.0,28.0,39.0,16.0,37.0,44.0,105.0,144.0,111.0,147.0,155.0,98.0,34.0,19.0,15.0,1.0,4.0,1.0,0.0,24.0,146.0,14.0,13.0,1400000US06087122202,06,087,122202,8.0,0.0,28.0,9.0,0.0,74.0,25.0,0.0,0.0,0.0,8.0,0.0,0.0,0.0,17.0,0.0,0.0,0.0,0.0,0.0,0.0,0.0,0.0,0.0,06087122202,735100.0,57551.0,2001.0,-333333333.0,24.0,3.0,0.0,17.0,0.0,0.0,0.0,4.0,0.0,141.0,59.0,15.0,0.0,0.0,36.0,4.0,0.0,27.0,0.0,0.0,0.0,0.0,0.0,0.0,0.0,0.0,0.0,0.0,0.0,0.0,0.0,0.0,0.0,0.0,0.0,0.0,41061.0,06,087,122202
46,3808.0,3167.0,1617.0,99917.0,855300.0,47991.0,1930.0,239.0,2886.0,1051.0,436.0,52.0,130.0,1836.0,7.0,0.0,1040.0,577.0,2023.0,43405.0,58.0,40.0,23.0,82.0,89.0,49.0,55.0,23.0,34.0,40.0,123.0,193.0,127.0,103.0,275.0,303.0,183.0,50.0,0.0,0.0,25.0,45.0,0.0,0.0,63.0,120.0,0.0,18.0,1400000US06087122203,06,087,122203,21.0,17.0,0.0,7.0,0.0,57.0,58.0,0.0,8.0,6.0,0.0,11.0,6.0,0.0,27.0,33.0,0.0,0.0,0.0,33.0,0.0,0.0,0.0,0.0,06087122203,767500.0,47605.0,1781.0,215.0,202.0,0.0,12.0,22.0,6.0,51.0,49.0,0.0,62.0,26.0,0.0,0.0,0.0,11.0,0.0,0.0,7.0,8.0,16.0,0.0,0.0,0.0,0.0,0.0,8.0,0.0,8.0,0.0,0.0,0.0,0.0,0.0,0.0,0.0,0.0,0.0,49577.0,06,087,122203
47,3970.0,2670.0,1500.0,93378.0,910300.0,50949.0,1809.0,649.0,2928.0,773.0,302.0,276.0,104.0,2357.0,94.0,84.0,913.0,587.0,2068.0,35972.0,69.0,38.0,0.0,31.0,42.0,32.0,40.0,79.0,17.0,136.0,177.0,173.0,144.0,117.0,118.0,287.0,186.0,16.0,50.0,25.0,0.0,78.0,0.0,0.0,17.0,167.0,36.0,11.0,1400000US06087122300,06,087,122300,55.0,1.0,0.0,23.0,11.0,30.0,0.0,0.0,0.0,0.0,0.0,0.0,0.0,0.0,0.0,0.0,0.0,0.0,0.0,0.0,0.0,0.0,0.0,0.0,06087122300,789500.0,80494.0,932.0,399.0,213.0,95.0,5.0,39.0,48.0,3.0,7.0,0.0,16.0,80.0,16.0,25.0,23.0,0.0,0.0,0.0,0.0,16.0,21.0,0.0,0.0,0.0,0.0,12.0,0.0,0.0,9.0,0.0,0.0,0.0,0.0,0.0,0.0,0.0,0.0,0.0,32316.0,06,087,122300
48,7327.0,5570.0,2590.0,111481.0,809900.0,51742.0,1743.0,338.0,5570.0,1469.0,456.0,333.0,277.0,2739.0,95.0,474.0,2105.0,485.0,2038.0,40817.0,64.0,67.0,35.0,17.0,63.0,72.0,124.0,102.0,70.0,152.0,156.0,271.0,227.0,284.0,396.0,490.0,418.0,143.0,63.0,91.0,20.0,0.0,0.0,25.0,76.0,162.0,50.0,4.0,1400000US06087122400,06,087,122400,0.0,0.0,15.0,0.0,0.0,93.0,67.0,0.0,0.0,19.0,0.0,25.0,0.0,0.0,23.0,0.0,0.0,0.0,0.0,0.0,0.0,0.0,0.0,0.0,06087122400,627400.0,81104.0,1537.0,231.0,286.0,143.0,0.0,0.0,96.0,0.0,24.0,0.0,23.0,97.0,12.0,18.0,0.0,32.0,0.0,0.0,19.0,16.0,69.0,0.0,0.0,22.0,0.0,18.0,15.0,0.0,14.0,0.0,0.0,0.0,0.0,0.0,0.0,0.0,0.0,0.0,33655.0,06,087,122400
49,6843.0,924.0,1683.0,54396.0,488400.0,28753.0,1689.0,163.0,3999.0,348.0,148.0,33.0,20.0,1707.0,40.0,8.0,1053.0,630.0,1742.0,19447.0,121.0,43.0,100.0,105.0,83.0,35.0,34.0,105.0,104.0,163.0,93.0,255.0,169.0,94.0,113.0,66.0,206.0,104.0,14.0,65.0,10.0,13.0,0.0,0.0,0.0,50.0,20.0,0.0,1400000US06087122500,06,087,122500,20.0,0.0,0.0,10.0,0.0,0.0,9.0,9.0,0.0,0.0,0.0,0.0,0.0,0.0,0.0,18.0,18.0,0.0,0.0,0.0,0.0,0.0,0.0,0.0,06087122500,353100.0,25817.0,1535.0,262.0,273.0,68.0,57.0,95.0,28.0,25.0,0.0,0.0,0.0,65.0,25.0,24.0,16.0,0.0,0.0,0.0,0.0,0.0,34.0,10.0,0.0,0.0,13.0,11.0,0.0,0.0,0.0,0.0,0.0,0.0,0.0,0.0,0.0,0.0,0.0,0.0,21644.0,06,087,122500
50,2864.0,872.0,794.0,62400.0,523800.0,64563.0,1145.0,348.0,1817.0,188.0,27.0,16.0,13.0,830.0,43.0,34.0,548.0,246.0,1419.0,24199.0,25.0,15.0,41.0,17.0,51.0,14.0,17.0,55.0,45.0,93.0,90.0,102.0,78.0,63.0,43.0,45.0,81.0,5.0,5.0,21.0,6.0,29.0,5.0,0.0,10.0,49.0,11.0,4.0,1400000US06087123100,06,087,123100,34.0,0.0,0.0,0.0,0.0,0.0,3.0,3.0,0.0,0.0,0.0,0.0,0.0,0.0,0.0,0.0,0.0,0.0,0.0,0.0,0.0,0.0,0.0,0.0,06087123100,402800.0,61358.0,1348.0,429.0,95.0,13.0,13.0,26.0,34.0,0.0,9.0,0.0,0.0,93.0,22.0,3.0,57.0,11.0,0.0,0.0,0.0,0.0,0.0,0.0,0.0,0.0,0.0,0.0,0.0,0.0,0.0,8.0,4.0,4.0,0.0,0.0,0.0,0.0,0.0,0.0,21700.0,06,087,123100
51,1587.0,687.0,434.0,97237.0,745800.0,136508.0,1109.0,129.0,1028.0,134.0,32.0,12.0,6.0,507.0,40.0,149.0,246.0,188.0,1184.0,32083.0,25.0,5.0,10.0,29.0,0.0,19.0,7.0,6.0,11.0,8.0,39.0,62.0,34.0,48.0,66.0,65.0,40.0,22.0,11.0,0.0,0.0,0.0,7.0,0.0,0.0,5.0,0.0,0.0,1400000US06087123300,06,087,123300,5.0,0.0,0.0,0.0,0.0,0.0,8.0,8.0,0.0,0.0,0.0,0.0,0.0,0.0,0.0,5.0,5.0,0.0,0.0,0.0,0.0,0.0,0.0,0.0,06087123300,757600.0,146690.0,937.0,242.0,40.0,4.0,7.0,0.0,0.0,0.0,29.0,0.0,0.0,62.0,49.0,0.0,2.0,0.0,0.0,0.0,0.0,11.0,6.0,0.0,2.0,2.0,0.0,0.0,0.0,0.0,2.0,0.0,0.0,0.0,0.0,0.0,0.0,0.0,0.0,0.0,16221.0,06,087,123300
52,0.0,0.0,0.0,-666666666.0,-666666666.0,-222222222.0,-666666666.0,-222222222.0,0.0,0.0,0.0,0.0,0.0,0.0,0.0,0.0,0.0,0.0,-666666666.0,-666666666.0,0.0,0.0,0.0,0.0,0.0,0.0,0.0,0.0,0.0,0.0,0.0,0.0,0.0,0.0,0.0,0.0,0.0,0.0,0.0,0.0,0.0,0.0,0.0,0.0,0.0,0.0,0.0,0.0,1400000US06087990100,06,087,990100,0.0,0.0,0.0,0.0,0.0,0.0,0.0,0.0,0.0,0.0,0.0,0.0,0.0,0.0,0.0,0.0,0.0,0.0,0.0,0.0,0.0,0.0,0.0,0.0,06087990100,-666666666.0,-222222222.0,-666666666.0,-222222222.0,0.0,0.0,0.0,0.0,0.0,0.0,0.0,0.0,0.0,0.0,0.0,0.0,0.0,0.0,0.0,0.0,0.0,0.0,0.0,0.0,0.0,0.0,0.0,0.0,0.0,0.0,0.0,0.0,0.0,0.0,0.0,0.0,0.0,0.0,0.0,0.0,-666666666.0,06,087,990100
